Score,Metric,Pearson_Correlation,Spearman_Correlation
Stage2E_Overall,ROP,0.40277891315192377,0.39031770056639703
Stage2E_Overall,Daily_Footage,0.38138775485321763,0.3452432422398212
Stage2E_Overall,Cost_per_Foot,-0.47132136888349613,-0.4186236392550455
Stage2E_Overall,Operational_Cost_per_Foot,-0.9450305085147751,-0.9495749935746259
Stage2E_Overall,NPT_Percent,-0.7036448857247152,-0.7278490164677607
Stage2E_Overall,NPT_Hours,-0.6373640875487082,-0.6638624667358453
Stage2E_Overall,Economic_Impact_per_Foot,-0.9271907290992171,-0.9219612970538447
Calibrated_Performance,ROP,0.8916349290572125,0.9065193903441925
Calibrated_Performance,Daily_Footage,0.8867619283109894,0.896321553088809
Calibrated_Performance,Cost_per_Foot,-0.8709498590841213,-0.8438820601355286
Calibrated_Performance,Operational_Cost_per_Foot,-0.7178583065101416,-0.6904533238848591
Calibrated_Performance,NPT_Percent,0.03875456817090123,0.0296772954625708
Calibrated_Performance,NPT_Hours,0.02147162742410676,-0.026153232771493687
Calibrated_Performance,Economic_Impact_per_Foot,-0.3750955452261971,-0.3328851329232051
Risk_Resilience,ROP,-0.12363098668567732,-0.13307080976729257
Risk_Resilience,Daily_Footage,-0.1477271014429716,-0.17387755102040817
Risk_Resilience,Cost_per_Foot,0.06497427375327339,0.09378151260504201
Risk_Resilience,Operational_Cost_per_Foot,-0.6799174710749013,-0.6862424969987995
Risk_Resilience,NPT_Percent,-0.9578993437133834,-0.9687875150060024
Risk_Resilience,NPT_Hours,-0.9039411300704864,-0.8967628249831702
Risk_Resilience,Economic_Impact_per_Foot,-0.9186434623752674,-0.9208643457382952
