Month,Drilling_Records,Wells,Rigs,Month_Start_Date,Month_End_Date,Total_Footage_ft,Total_Drilling_Hours,Average_ROP_ft_hr,Maximum_ROP_ft_hr,Weather_Delay_hr,Weather_Delay_pct,Drilling_Cost_USD,Drilling_Cost_per_Foot_USD,NPT_Events,NPT_Hours,NPT_Hours_pct,NPT_Cost_USD,Deferred_Cost_USD,Total_NPT_Impact_USD,Operational_Cost_USD,Total_Economic_Impact_USD,Operational_Cost_per_Foot_USD,Total_Economic_Impact_per_Foot_USD
2023-01,30,3,2,2023-01-21,2023-01-31,22698.9,561.19,40.44779842833977,48.66,44.0,7.840481833247206,12936968.02,569.9381036085449,7,24.0,4.2766264544984764,466247.0,452038.0,918285.0,13403215.02,13855253.02,590.4786143821947,610.3931476855706
2023-02,67,4,2,2023-02-01,2023-02-28,38368.7,1279.09,29.996872776739714,45.62,26.0,2.0326951191862968,28982940.26,755.3797824789477,11,80.0,6.254446520573221,1564580.0,2707775.0,4272355.0,30547520.26,33255295.26,796.1572912295701,866.72978912499
2023-03,49,3,3,2023-03-01,2023-03-31,32950.8,941.6899999999999,34.99113296307703,50.4,51.0,5.415795006849388,21746915.53,659.9814125908931,24,178.0,18.902186494493943,3454161.0,6044361.0,9498522.0,25201076.53,31245437.53,764.8092468164657,948.2451876737439
2023-04,89,5,2,2023-04-01,2023-04-30,59853.1,1709.08,35.020654387155666,51.38,40.0,2.3404404708966227,40261376.27,672.6698578686819,28,152.0,8.893673789407167,2994574.0,3852413.0,6846987.0,43255950.27,47108363.27,722.7019197000658,787.0663887083543
2023-05,107,7,3,2023-05-01,2023-05-31,64675.0,2053.89,31.48902813685251,52.53,76.0,3.7002955367619497,48171226.55,744.8198925396212,36,202.0,9.834996031919918,4030405.0,5558193.0,9588598.0,52201631.55,57759824.55,807.1377124081948,893.0780757634325
2023-06,44,4,3,2023-06-01,2023-06-30,29058.8,845.21,34.38056814282841,49.73,24.0,2.8395310041291513,19470867.8,670.0506490288657,28,146.0,17.273813608452336,2954157.0,4798401.0,7752558.0,22425024.8,27223425.8,771.712004625105,936.839298250444
2023-07,76,4,3,2023-07-01,2023-07-31,48647.1,1451.41,33.51713161684155,50.46,78.0,5.3740845109238595,33608210.64,690.8574332282911,37,248.0,17.08683280396304,4937906.0,7155038.0,12092944.0,38546116.64,45701154.64,792.3620655701984,939.4425287427206
2023-08,43,3,2,2023-08-01,2023-08-31,26569.3,817.0699999999999,32.517776934656766,45.29,28.0,3.426878969978093,19298177.6,726.3336858705349,23,120.0,14.68662415704897,2364159.0,3258288.0,5622447.0,21662336.6,24920624.6,815.3145397131276,937.948105520281
2023-09,59,4,2,2023-09-01,2023-09-30,39553.2,1123.1200000000001,35.21725194102143,50.52,42.0,3.73958259135266,25497665.16,644.6422833045115,22,140.0,12.465275304508866,2787495.0,4366027.0,7153522.0,28285160.16,32651187.16,715.1168593185887,825.5005198062357
2023-10,88,5,2,2023-10-01,2023-10-31,57333.4,1697.69,33.771418810265715,46.79,54.0,3.180792724231161,40105928.2,699.5211900916395,26,176.0,10.367028138234895,3558326.0,6268603.0,9826929.0,43664254.2,49932857.2,761.5849435058797,870.9209152082382
2023-11,53,4,3,2023-11-01,2023-11-30,37031.8,1039.44,35.62668359886093,50.39,14.0,1.3468790887400908,24010569.94,648.3770688975421,38,232.0,22.319710613407217,4563323.0,6762862.0,11326185.0,28573892.94,35336754.94,771.6042142158901,954.2273111217925
2023-12,52,3,2,2023-12-01,2023-12-31,32244.5,978.99,32.93649577625921,47.52,57.0,5.822327092207275,22859570.23,708.9447884135279,30,152.0,15.526205579219399,3044160.0,4213835.0,7257995.0,25903730.23,30117565.23,803.3534472545706,934.0372848082619
2024-01,46,3,2,2024-01-01,2024-01-31,30516.3,899.89,33.91114469546278,50.44,21.0,2.3336185533787464,20667146.98,677.249436530641,23,136.0,15.112958250452833,2680831.0,4287967.0,6968798.0,23347977.98,27635944.98,765.0985860015795,905.6125736082029
2024-02,34,3,3,2024-02-01,2024-02-29,21738.1,655.79,33.14795895027372,51.32,11.0,1.6773662300431542,15082629.83,693.8338599049596,24,136.0,20.73834611689718,2668329.0,4535986.0,7204315.0,17750958.83,22286944.83,816.5828122052985,1025.2480589379936
2024-03,41,2,2,2024-03-01,2024-03-31,26851.2,796.72,33.70217893362788,49.65,0.0,0.0,18559083.74,691.182656268621,16,90.0,11.296314891053319,1802497.0,3087259.0,4889756.0,20361580.74,23448839.74,758.3117603682516,873.2883349719937
2024-04,104,7,3,2024-04-01,2024-04-30,73305.5,2009.96,36.471123803458774,51.21,45.0,2.238850524388545,45746366.29,624.0509414709674,32,166.0,8.258870823299967,3262077.0,4902668.0,8164745.0,49008443.29,53911111.29,668.5506993336107,735.4306469500924
2024-05,132,9,3,2024-05-01,2024-05-31,81874.1,2520.72,32.48044209590911,53.74,114.0,4.522517375987813,58039986.55,708.8931243213665,47,322.0,12.774128026912946,6335405.0,9203469.0,15538874.0,64375391.55,73578860.55,786.2729672753654,898.6829846068536
2024-06,49,3,2,2024-06-01,2024-06-28,27248.3,942.64,28.906369345667486,48.38,48.0,5.092081812781125,22021295.55,808.1713556442054,45,262.0,27.794279894763644,5089157.0,7281705.0,12370862.0,27110452.55,34392157.55,994.9410623782035,1262.176266042285
2024-07,45,3,2,2024-07-14,2024-07-31,33191.5,858.5,38.66220151426907,48.27,18.0,2.09668025626092,20095303.34,605.4352270912734,32,186.0,21.66569598136284,3709578.0,5238043.0,8947621.0,23804881.34,29042924.34,717.1981181929108,875.0109015862495
2024-08,39,3,2,2024-08-01,2024-08-16,20437.0,728.37,28.05854167524747,36.8,27.0,3.7069072037563324,17218392.98,842.5107882761658,11,96.0,13.180114502244738,1919999.0,2204311.0,4124310.0,19138391.98,21342702.98,936.4579918774772,1044.3168263443754
2024-09,25,1,1,2024-09-06,2024-09-30,16488.1,486.11,33.918454670753526,45.14,16.0,3.2914360947110737,10919375.29,662.2579490662963,18,78.0,16.045750961716482,1537494.0,2137474.0,3674968.0,12456869.29,14594343.29,755.5066557092691,885.1440305432403
2024-10,43,4,4,2024-10-01,2024-10-31,30021.399999999998,835.65,35.925806258601085,49.62,33.0,3.949021719619458,19567628.46,651.7893389382241,18,84.0,10.052055286304075,1682493.0,2351460.0,4033953.0,21250121.46,23601581.46,707.832461510789,786.1585888732704
2024-11,74,6,4,2024-11-01,2024-11-30,48442.3,1409.57,34.36672176621239,53.2,47.0,3.3343501919024954,32291856.02,666.6045175394231,16,118.0,8.371347290308393,2343747.0,3266634.0,5610381.0,34635603.019999996,37902237.019999996,714.9867578541892,782.420261217985
2024-12,79,4,2,2024-12-01,2024-12-31,50341.8,1511.42,33.30761800161438,49.28,75.0,4.962220957774807,34811438.08,691.5016562776857,38,198.0,13.100263328525491,3872906.0,6551205.0,10424111.0,38684344.08,45235549.08,768.4338676805357,898.5683682347471
2025-01,6,2,2,2025-01-01,2025-01-05,2638.6,117.55,22.44661846022969,26.1,0.0,0.0,2741536.73,1039.0118737209127,35,194.0,165.03615482773287,3804572.0,6043872.0,9848444.0,6546108.73,12589980.73,2480.902270143258,4771.46241567498
2025-02,0,0,0,,,0.0,0.0,,,0.0,,0.0,,12,92.0,,1775830.0,2415883.0,4191713.0,1775830.0,4191713.0,,
