Month,NPT_Category,NPT_Events,NPT_Hours,NPT_Cost_USD,Deferred_Cost_USD,Total_Impact_USD
2023-01,Personnel,2,10.0,191666.0,135163.0,326829.0
2023-01,Drilling,4,10.0,195415.0,256279.0,451694.0
2023-01,Weather,1,4.0,79166.0,60596.0,139762.0
2023-02,Drilling,4,32.0,624582.0,1034808.0,1659390.0
2023-02,Mechanical,4,30.0,587499.0,1194539.0,1782038.0
2023-02,Logistics,2,10.0,194166.0,285531.0,479697.0
2023-02,Weather,1,8.0,158333.0,192897.0,351230.0
2023-03,Mechanical,12,94.0,1820414.0,3219362.0,5039776.0
2023-03,Drilling,5,44.0,862082.0,1574352.0,2436434.0
2023-03,Weather,6,38.0,732082.0,1165237.0,1897319.0
2023-03,Personnel,1,2.0,39583.0,85410.0,124993.0
2023-04,Mechanical,13,72.0,1414995.0,1770756.0,3185751.0
2023-04,Logistics,8,48.0,956248.0,1165883.0,2122131.0
2023-04,Weather,3,14.0,275832.0,509057.0,784889.0
2023-04,Personnel,2,10.0,194166.0,195511.0,389677.0
2023-04,Drilling,2,8.0,153333.0,211206.0,364539.0
2023-05,Drilling,11,72.0,1426246.0,2057976.0,3484222.0
2023-05,Weather,13,48.0,966246.0,1426435.0,2392681.0
2023-05,Logistics,6,44.0,885831.0,1073745.0,1959576.0
2023-05,Mechanical,6,38.0,752082.0,1000037.0,1752119.0
2023-06,Weather,11,72.0,1456247.0,2472256.0,3928503.0
2023-06,Mechanical,8,34.0,687913.0,888860.0,1576773.0
2023-06,Drilling,6,30.0,607498.0,1082696.0,1690194.0
2023-06,Logistics,3,10.0,202499.0,354589.0,557088.0
2023-07,Drilling,12,96.0,1908747.0,2688288.0,4597035.0
2023-07,Weather,14,68.0,1358328.0,2039234.0,3397562.0
2023-07,Logistics,6,56.0,1126666.0,1824538.0,2951204.0
2023-07,Mechanical,5,28.0,544165.0,602978.0,1147143.0
2023-08,Weather,10,62.0,1213330.0,1722845.0,2936175.0
2023-08,Drilling,5,26.0,519998.0,774787.0,1294785.0
2023-08,Mechanical,4,16.0,319165.0,444805.0,763970.0
2023-08,Logistics,3,14.0,273333.0,263549.0,536882.0
2023-08,Personnel,1,2.0,38333.0,52302.0,90635.0
2023-09,Drilling,12,74.0,1464998.0,2320897.0,3785895.0
2023-09,Mechanical,2,30.0,612500.0,1132790.0,1745290.0
2023-09,Weather,5,22.0,434165.0,649298.0,1083463.0
2023-09,Personnel,2,10.0,199166.0,190524.0,389690.0
2023-09,Logistics,1,4.0,76666.0,72518.0,149184.0
2023-10,Weather,5,50.0,1015832.0,1550846.0,2566678.0
2023-10,Mechanical,8,44.0,888331.0,1707396.0,2595727.0
2023-10,Drilling,6,44.0,890832.0,1938685.0,2829517.0
2023-10,Logistics,5,30.0,602498.0,907992.0,1510490.0
2023-10,Personnel,2,8.0,160833.0,163684.0,324517.0
2023-11,Mechanical,17,128.0,2515829.0,3934880.0,6450709.0
2023-11,Drilling,11,54.0,1072497.0,1418241.0,2490738.0
2023-11,Logistics,5,28.0,548332.0,879662.0,1427994.0
2023-11,Weather,4,16.0,311665.0,412627.0,724292.0
2023-11,Personnel,1,6.0,115000.0,117452.0,232452.0
2023-12,Mechanical,10,52.0,1031665.0,1300566.0,2332231.0
2023-12,Drilling,7,34.0,674997.0,1023465.0,1698462.0
2023-12,Personnel,3,26.0,530000.0,632790.0,1162790.0
2023-12,Weather,4,20.0,399166.0,579109.0,978275.0
2023-12,Logistics,6,20.0,408332.0,677905.0,1086237.0
2024-01,Drilling,6,50.0,997500.0,1407797.0,2405297.0
2024-01,Logistics,4,36.0,698333.0,1082267.0,1780600.0
2024-01,Mechanical,9,34.0,669999.0,1202608.0,1872607.0
2024-01,Weather,3,14.0,276666.0,557311.0,833977.0
2024-01,Personnel,1,2.0,38333.0,37984.0,76317.0
2024-02,Logistics,8,64.0,1264166.0,2717148.0,3981314.0
2024-02,Drilling,8,36.0,709165.0,897331.0,1606496.0
2024-02,Weather,4,18.0,344999.0,365766.0,710765.0
2024-02,Mechanical,3,16.0,311666.0,476510.0,788176.0
2024-02,Personnel,1,2.0,38333.0,79231.0,117564.0
2024-03,Drilling,7,34.0,669165.0,899100.0,1568265.0
2024-03,Personnel,2,20.0,407500.0,828116.0,1235616.0
2024-03,Mechanical,4,14.0,278332.0,523024.0,801356.0
2024-03,Weather,1,12.0,245000.0,431874.0,676874.0
2024-03,Logistics,2,10.0,202500.0,405145.0,607645.0
2024-04,Mechanical,10,74.0,1445831.0,2304046.0,3749877.0
2024-04,Drilling,10,42.0,826664.0,1176237.0,2002901.0
2024-04,Weather,5,20.0,388332.0,673892.0,1062224.0
2024-04,Personnel,3,16.0,322500.0,383959.0,706459.0
2024-04,Logistics,4,14.0,278750.0,364534.0,643284.0
2024-05,Drilling,18,120.0,2365830.0,3332710.0,5698540.0
2024-05,Weather,13,110.0,2154164.0,3332350.0,5486514.0
2024-05,Mechanical,7,50.0,986248.0,1144636.0,2130884.0
2024-05,Logistics,7,34.0,670831.0,1253486.0,1924317.0
2024-05,Personnel,2,8.0,158332.0,140287.0,298619.0
2024-06,Drilling,14,84.0,1626664.0,2004450.0,3631114.0
2024-06,Weather,16,80.0,1560829.0,2338149.0,3898978.0
2024-06,Mechanical,11,56.0,1091664.0,1479598.0,2571262.0
2024-06,Logistics,4,42.0,810000.0,1459508.0,2269508.0
2024-07,Weather,14,98.0,1965414.0,2728640.0,4694054.0
2024-07,Drilling,8,40.0,802083.0,1075762.0,1877845.0
2024-07,Logistics,6,28.0,552082.0,831385.0,1383467.0
2024-07,Mechanical,4,20.0,389999.0,602256.0,992255.0
2024-08,Weather,3,44.0,888333.0,1019322.0,1907655.0
2024-08,Drilling,4,34.0,666666.0,846798.0,1513464.0
2024-08,Mechanical,2,12.0,245000.0,236790.0,481790.0
2024-08,Logistics,2,6.0,120000.0,101401.0,221401.0
2024-09,Drilling,5,30.0,574998.0,704910.0,1279908.0
2024-09,Mechanical,4,20.0,403332.0,448574.0,851906.0
2024-09,Logistics,3,14.0,283333.0,567267.0,850600.0
2024-09,Weather,4,8.0,155832.0,256131.0,411963.0
2024-09,Personnel,2,6.0,119999.0,160592.0,280591.0
2024-10,Mechanical,7,44.0,885831.0,1523330.0,2409161.0
2024-10,Drilling,7,30.0,599997.0,598628.0,1198625.0
2024-10,Weather,3,8.0,158332.0,170074.0,328406.0
2024-10,Logistics,1,2.0,38333.0,59428.0,97761.0
2024-11,Drilling,10,52.0,1017498.0,1811277.0,2828775.0
2024-11,Weather,3,34.0,680416.0,1001960.0,1682376.0
2024-11,Personnel,1,18.0,367500.0,236304.0,603804.0
2024-11,Mechanical,1,12.0,240000.0,123301.0,363301.0
2024-11,Logistics,1,2.0,38333.0,93792.0,132125.0
2024-12,Mechanical,11,78.0,1517496.0,2753150.0,4270646.0
2024-12,Drilling,15,62.0,1226246.0,1807834.0,3034080.0
2024-12,Weather,7,36.0,692498.0,1396391.0,2088889.0
2024-12,Logistics,4,16.0,317916.0,356854.0,674770.0
2024-12,Personnel,1,6.0,118750.0,236976.0,355726.0
2025-01,Drilling,11,70.0,1373747.0,2221696.0,3595443.0
2025-01,Logistics,10,64.0,1248330.0,2018697.0,3267027.0
2025-01,Weather,7,32.0,633331.0,1097531.0,1730862.0
2025-01,Mechanical,6,24.0,472498.0,555604.0,1028102.0
2025-01,Personnel,1,4.0,76666.0,150344.0,227010.0
2025-02,Drilling,5,44.0,853332.0,1184866.0,2038198.0
2025-02,Mechanical,3,32.0,613333.0,935932.0,1549265.0
2025-02,Logistics,3,10.0,194165.0,220448.0,414613.0
2025-02,Weather,1,6.0,115000.0,74637.0,189637.0
