Month,Drilling_Records,Active_Wells,Total_Footage_ft,Drilling_Hours,Average_ROP_ft_hr,Maximum_ROP_ft_hr,Drilling_Cost_USD,Drilling_Cost_per_Foot_USD,Weather_Delay_hr,Weather_Delay_pct,NPT_Events,NPT_Hours,NPT_Hours_pct,NPT_Cost_USD,NPT_Cost_per_Foot_USD,Deferred_Cost_USD,NPT_Impact_USD,Operational_Cost_USD,Operational_Cost_per_Foot_USD,Total_Economic_Impact_USD,Total_Economic_Impact_per_Foot_USD,Weather_NPT_Hours,Weather_NPT_pct,Total_Activity_Hours,ROP_MoM_pct,Footage_MoM_pct,Drilling_Cost_per_Foot_MoM_pct,NPT_Hours_MoM_pct,NPT_Hours_pct_MoM_pct,NPT_Cost_MoM_pct,Deferred_Cost_MoM_pct,Economic_Impact_MoM_pct,Weather_Delay_pct_MoM_pct,Trend_Class,Operating_Condition,NPT_Only_Flag,Low_Activity_Flag,High_NPT_Exposure_Flag,Weather_Stress_Flag,High_Economic_Impact_Flag,Anomaly_Count,Anomaly_Flag,Best_ROP_Flag,Worst_ROP_Flag,Best_Footage_Flag,Worst_Footage_Flag,Best_Cost_per_Foot_Flag,Worst_Cost_per_Foot_Flag,Highest_NPT_Flag,Lowest_NPT_Flag,Highest_NPT_pct_Flag,Lowest_NPT_pct_Flag,Highest_Impact_Flag,Lowest_Impact_Flag
2023-01,30,3,22698.9,561.19,40.53766666666666,48.66,12936968.02,569.9381036085449,44.0,7.840481833247207,7,24.0,4.10123207847024,466247.0,20.540510773649824,452038.0,918285.0,13403215.02,590.4786143821947,13855253.02,610.3931476855706,4.0,16.666666666666664,585.19,,,,,,,,,,Stable,Weather Stress,False,False,False,True,False,1,Anomalous,True,False,False,False,True,False,False,True,False,True,False,False
2023-03,49,3,32950.8,941.6899999999999,34.9134693877551,50.4,21746915.53,659.9814125908931,51.0,5.415795006849388,24,178.0,15.89725727656762,3454161.0,104.82783422557266,6044361.0,9498522.0,25201076.53,764.8092468164657,31245437.53,948.2451876737439,38.0,21.34831460674157,1119.69,15.78261327200332,-14.120624363087607,-12.629192904128772,122.50000000000001,170.07254240012855,120.77241176545783,123.2224243151665,-6.043722403564066,166.43420135811473,Improving,Weather Stress + High NPT Exposure,False,False,True,True,False,0,Normal,False,False,False,False,False,False,False,False,False,False,False,False
2023-04,89,5,59853.1,1709.08,35.131573033707866,51.38,40261376.27,672.6698578686819,40.0,2.340440470896623,28,152.0,8.167300707116299,2994574.0,50.03206183138384,3852413.0,6846987.0,43255950.27,722.7019197000658,47108363.27,787.0663887083543,14.0,9.210526315789473,1861.08,0.6246977163182121,81.64384476249435,1.9225458529169348,-14.60674157303371,-48.62446669240984,-13.305314952024528,-36.26434622286789,50.76877456034779,-56.78491397963449,Stable,High Economic Impact,False,False,False,False,True,0,Normal,False,False,False,False,False,False,False,False,False,False,False,False
2023-05,107,7,64675.0,2053.89,31.289813084112147,52.53,48171226.55,744.8198925396212,76.0,3.7002955367619492,36,202.0,8.954337312546269,4030405.0,62.317819868573636,5558193.0,9588598.0,52201631.55,807.1377124081948,57759824.55,893.0780757634325,48.0,23.762376237623762,2255.89,-10.935348513741882,8.05622432254971,10.725920572618296,32.89473684210527,9.636434773905322,34.59026225433066,44.27822250625777,22.610552650601544,58.10252739922779,Deteriorating,High Economic Impact,False,False,False,False,True,0,Normal,False,False,False,False,False,False,False,False,False,False,False,False
2023-06,44,4,29058.8,845.21,34.36204545454546,49.73,19470867.8,670.0506490288657,24.0,2.8395310041291513,28,146.0,14.729472059402143,2954157.0,101.66135559623935,4798401.0,7752558.0,22425024.8,771.712004625105,27223425.8,936.839298250444,72.0,49.31506849315068,991.21,9.818634461556709,-55.06950135291844,-10.03856694211186,-27.722772277227726,64.49538972319158,-26.703222132763337,-13.669766415092099,-52.86788695759637,-23.26204823591023,Improving,High NPT Exposure,False,False,True,False,False,0,Normal,False,False,False,False,False,False,False,False,False,False,False,False
2023-07,76,4,48647.1,1451.41,33.484078947368424,50.46,33608210.64,690.8574332282911,78.0,5.3740845109238595,37,248.0,14.593300027656655,4937906.0,101.50463234190732,7155038.0,12092944.0,38546116.64,792.3620655701984,45701154.64,939.4425287427206,68.0,27.419354838709676,1699.41,-2.5550472783653744,67.4091841369912,3.105255435478149,69.86301369863013,-0.9244868464824973,67.15110266651365,49.11296492310668,67.87437031528927,89.25958206158147,Stable,Weather Stress,False,False,False,True,True,0,Normal,False,False,False,False,False,False,False,False,False,False,False,False
2023-10,88,5,57333.4,1697.69,33.644090909090906,46.79,40105928.2,699.5211900916395,54.0,3.1807927242311607,26,176.0,9.393229402942856,3558326.0,62.06375341424022,6268603.0,9826929.0,43664254.2,761.5849435058797,49932857.2,870.9209152082382,50.0,28.40909090909091,1873.69,-4.970659956226042,44.95262077404612,8.513078991004486,25.71428571428571,-15.251600546820132,27.653179646959014,43.57682625416655,52.9281522148489,-14.942573227654732,Stable,High Economic Impact,False,False,False,False,True,0,Normal,False,False,False,False,False,False,False,False,False,False,False,False
2023-11,53,4,37031.8,1039.44,35.597735849056605,50.39,24010569.94,648.3770688975421,14.0,1.3468790887400908,38,232.0,18.24702699301579,4563323.0,123.22714531834801,6762862.0,11326185.0,28573892.94,771.6042142158901,35336754.94,954.2273111217925,16.0,6.896551724137931,1271.44,5.806799610798241,-35.409726267760156,-7.311304063197477,31.818181818181813,94.2572273099077,28.243533616650083,7.884675421302001,-29.231458158977542,-57.65586740438583,Improving,High NPT Exposure,False,False,True,False,False,0,Normal,False,False,False,False,False,False,False,False,False,False,False,False
2023-12,52,3,32244.5,978.99,33.11269230769231,47.52,22859570.23,708.9447884135279,57.0,5.822327092207274,30,152.0,13.439552958027923,3044160.0,94.40865884104265,4213835.0,7257995.0,25903730.23,803.3534472545706,30117565.23,934.0372848082619,20.0,13.157894736842104,1130.99,-6.98090336953312,-12.927537953866686,9.341434548105031,-34.48275862068966,-26.34661546140076,-33.29071818935455,-37.6915424268601,-14.769861349356827,332.28283376599495,Stable,Weather Stress,False,False,False,True,False,0,Normal,False,False,False,False,False,False,False,False,False,False,False,False
2024-02,34,3,21738.1,655.79,32.97911764705882,51.32,15082629.83,693.8338599049596,11.0,1.6773662300431542,24,136.0,17.176271486126375,2668329.0,122.74895230033904,4535986.0,7204315.0,17750958.83,816.5828122052985,22286944.83,1025.2480589379936,18.0,13.23529411764706,791.79,-3.058379975416592,-28.765610509793127,2.44879101845783,0.0,30.828881395319474,-0.46634793465160085,5.784069700163275,-19.35522796079905,-28.121662059355522,Stable,High NPT Exposure,False,False,True,False,False,0,Normal,False,False,False,False,False,False,False,False,False,False,False,False
2024-04,104,7,73305.5,2009.96,36.605480769230766,51.21,45746366.29,624.0509414709674,45.0,2.238850524388545,32,166.0,7.628816706189452,3262077.0,44.49975786264332,4902668.0,8164745.0,49008443.29,668.5506993336107,53911111.29,735.4306469500924,20.0,12.048192771084338,2175.96,8.729413367706385,173.006420569658,-9.712586707552395,84.44444444444446,-24.837507225418765,80.97544683846908,58.80326205219581,129.90950463973786,,Improving,High Economic Impact,False,False,False,False,True,0,Normal,False,False,False,False,False,False,False,False,False,False,False,False
2024-05,132,9,81874.1,2520.72,32.50401515151515,53.74,58039986.55,708.8931243213665,114.0,4.522517375987813,47,322.0,11.327179602634098,6335405.0,77.37984295399887,9203469.0,15538874.0,64375391.55,786.2729672753654,73578860.55,898.6829846068536,110.0,34.161490683229815,2842.72,-11.204512361337871,11.68889101090642,13.595393775132415,93.97590361445782,48.478853784022235,94.21383983272007,87.72368432861455,36.48181013038805,102.00175611201034,Deteriorating,Weather Stress,False,False,False,True,True,3,Anomalous,False,False,True,False,False,False,True,False,False,False,True,False
2024-06,49,3,27248.3,942.64,28.99061224489796,48.38,22021295.55,808.1713556442054,48.0,5.092081812781125,45,262.0,21.749236286359412,5089157.0,186.76970673399808,7281705.0,12370862.0,27110452.55,994.9410623782035,34392157.55,1262.176266042285,80.0,30.53435114503817,1204.6399999999999,-10.809135087587517,-66.71926775378294,14.004682499619303,-18.633540372670808,92.00928253403609,-19.671165458246154,-20.880865682276973,-53.25809982253116,12.593969009768768,Deteriorating,Weather Stress + High NPT Exposure,False,False,True,True,False,1,Anomalous,False,False,False,False,False,False,False,False,False,False,False,False
2024-07,45,3,33191.5,858.5,38.60355555555556,48.27,20095303.34,605.4352270912734,18.0,2.09668025626092,32,186.0,17.807563427477263,3709578.0,111.76289110163746,5238043.0,8947621.0,23804881.34,717.1981181929108,29042924.34,875.0109015862495,98.0,52.68817204301075,1044.5,33.15881441016955,21.81126895989842,-25.085784980751757,-29.007633587786263,-18.123270201235854,-27.10820279272186,-28.065707138644036,-15.553642432066606,-58.8246942341293,Improving,High NPT Exposure,False,False,True,False,False,0,Normal,False,False,False,False,False,False,False,False,False,False,False,False
2024-08,39,3,20437.0,728.37,28.135128205128204,36.8,17218392.98,842.5107882761658,27.0,3.706907203756333,11,96.0,11.645256377597438,1919999.0,93.94720360131134,2204311.0,4124310.0,19138391.98,936.4579918774772,21342702.98,1044.3168263443754,44.0,45.83333333333333,824.37,-27.117780214213482,-38.42700691442086,39.15787363809138,-48.38709677419355,-34.604998460212244,-48.24211810615655,-57.917279411413766,-26.513243879490133,76.79887969026733,Stable,Stable,False,False,False,False,False,1,Anomalous,False,False,False,False,False,False,False,False,False,False,False,False
2024-12,79,4,50341.8,1511.42,33.209493670886076,49.28,34811438.08,691.5016562776857,75.0,4.962220957774808,38,198.0,11.582876063226124,3872906.0,76.93221140285011,6551205.0,10424111.0,38684344.08,768.4338676805357,45235549.08,898.5683682347471,36.0,18.181818181818183,1709.42,-3.060158588858364,3.921159812808228,3.7349189936730642,67.79661016949152,49.94622023646043,65.2442008459104,100.54909732770798,19.347966338056533,48.82122969043907,Deteriorating,Weather Stress,False,False,False,True,True,0,Normal,False,False,False,False,False,False,False,False,False,False,False,False
2025-01,6,2,2638.6,117.55,22.27,26.1,2741536.73,1039.0118737209127,0.0,0.0,35,194.0,62.269298667950565,3804572.0,1441.8903964223452,6043872.0,9848444.0,6546108.73,2480.902270143258,12589980.73,4771.46241567498,32.0,16.49484536082474,311.55,-32.940862571706276,-94.75863000528389,50.25443023721083,-2.020202020202022,437.5979016614548,-1.7644115297401952,-7.744117303610554,-72.16794979600145,-100.0,Deteriorating,Low Activity,False,True,True,False,False,2,Anomalous,False,True,False,True,False,True,False,False,True,False,False,True
2025-02,0,0,0.0,0.0,0.0,0.0,0.0,,0.0,,12,92.0,,1775830.0,,2415883.0,4191713.0,1775830.0,,4191713.0,,6.0,6.521739130434782,92.0,-100.0,-100.0,,-52.57731958762887,,-53.32379042898911,-60.027561801441195,-66.70596174931556,,N/A,NPT-Only,True,False,False,False,False,0,Normal,False,False,False,False,False,False,False,False,False,False,False,False
