Month,Rig_ID,Rig_Name,Contractor,Drilling_Records,Wells,Total_Footage_ft,Total_Drilling_Hours,Average_ROP_ft_hr,Drilling_Cost_USD,Drilling_Cost_per_Foot_USD,Weather_Delay_hr,NPT_Events,NPT_Hours,NPT_Hours_pct,NPT_Cost_USD,Deferred_Cost_USD,Total_NPT_Impact_USD,Operational_Cost_USD,Total_Economic_Impact_USD
2023-01,R001,Noble Bob Douglas,Noble,11,1,8436.1,203.51,41.4529998525871,4759290.46,564.1576629011035,12.0,3,10.0,4.913763451427449,197915.0,240264.0,438179.0,4957205.46,5197469.46
2023-01,R002,Stena Carron,Stena Drilling,19,2,14262.8,357.68,39.87586669648848,8177677.5600000005,573.357093978742,32.0,4,14.0,3.914113173786625,268332.0,211774.0,480106.0,8446009.56,8657783.56
2023-02,R001,Noble Bob Douglas,Noble,23,2,13943.8,446.85,31.20465480586326,10290697.29,738.0123990590799,5.0,5,50.0,11.189437171310283,989582.0,1828464.0,2818046.0,11280279.29,13108743.29
2023-02,R002,Stena Carron,Stena Drilling,44,2,24424.9,832.24,29.34838508122657,18692242.97,765.2945547371738,21.0,6,30.0,3.604729404979333,574998.0,879311.0,1454309.0,19267240.97,20146551.97
2023-03,R001,Noble Bob Douglas,Noble,27,1,16982.0,509.73,33.31567692700057,11935401.98,702.8266387940172,41.0,9,68.0,13.340395895866438,1345831.0,2437101.0,3782932.0,13281232.98,15718333.98
2023-03,R002,Stena Carron,Stena Drilling,19,1,13244.2,371.38,35.66212504712155,8373473.91,632.2370479153138,10.0,15,110.0,29.61925790295654,2108330.0,3607260.0,5715590.0,10481803.91,14089063.91
2023-03,R004,Noble Don Taylor,Noble,3,1,2724.6,60.58,44.975239352921754,1438039.6400000001,527.7984438082655,0.0,0,0.0,0.0,0.0,0.0,0.0,1438039.6400000001,1438039.6400000001
2023-04,R002,Stena Carron,Stena Drilling,22,2,13875.2,402.34,34.48625540587563,9113277.86,656.8033513030442,19.0,12,56.0,13.918576328478402,1073329.0,1197342.0,2270671.0,10186606.86,11383948.86
2023-04,R004,Noble Don Taylor,Noble,67,3,45977.9,1306.74,35.185193688109344,31148098.41,677.458048540712,21.0,9,34.0,2.6018947916188377,694164.0,1016735.0,1710899.0,31842262.41,32858997.41
2023-05,R001,Noble Bob Douglas,Noble,27,1,16290.9,516.8,31.52263931888545,11956185.14,733.9180241730046,24.0,9,54.0,10.448916408668731,1068747.0,1158719.0,2227466.0,13024932.14,14183651.14
2023-05,R002,Stena Carron,Stena Drilling,19,1,9965.6,357.68,27.86177588906285,8163927.19,819.2108041663322,21.0,9,48.0,13.419816595839857,919997.0,1690505.0,2610502.0,9083924.190000001,10774429.190000001
2023-05,R004,Noble Don Taylor,Noble,61,5,38418.5,1179.41,32.57433801646586,28051114.22,730.1460030974661,31.0,18,100.0,8.478815679025953,2041661.0,2708969.0,4750630.0,30092775.22,32801744.22
2023-06,R002,Stena Carron,Stena Drilling,21,1,15257.7,407.49,37.44312743871016,9118350.54,597.6228750073733,12.0,3,14.0,3.4356671329357775,268332.0,315020.0,583352.0,9386682.54,9701702.54
2023-06,R003,Stena DrillMAX,Stena Drilling,13,1,9533.0,244.11,39.05206669124575,5757099.77,603.9127000944088,12.0,1,4.0,1.6386055466797753,80000.0,121829.0,201829.0,5837099.77,5958928.77
2023-06,R004,Noble Don Taylor,Noble,10,2,4268.1,193.60999999999999,22.044832395020922,4595417.49,1076.6892739157938,0.0,21,116.0,59.914260627033734,2368326.0,4019998.0,6388324.0,6963743.49,10983741.49
2023-07,R002,Stena Carron,Stena Drilling,33,2,22295.4,635.4,35.08876298394712,14364771.8,644.2930739076222,37.0,12,70.0,11.016682404784389,1341663.0,1807403.0,3149066.0,15706434.8,17513837.8
2023-07,R003,Stena DrillMAX,Stena Drilling,23,1,13244.1,436.44,30.345751993401155,10184331.23,768.9711818847638,16.0,2,22.0,5.040784529374026,440000.0,497697.0,937697.0,10624331.23,11122028.23
2023-07,R004,Noble Don Taylor,Noble,20,1,13107.6,379.57,34.53276075559186,9059107.61,691.1339688425036,25.0,16,110.0,28.980161761993834,2245828.0,3328617.0,5574445.0,11304935.61,14633552.61
2023-08,R002,Stena Carron,Stena Drilling,9,1,4769.8,174.74,27.296554881538285,3959360.46,830.0894083609376,0.0,11,62.0,35.48128648277441,1188330.0,1543112.0,2731442.0,5147690.46,6690802.46
2023-08,R004,Noble Don Taylor,Noble,34,2,21799.5,642.33,33.938162626687216,15338817.14,703.631603477144,28.0,9,38.0,5.915962200115205,775829.0,1104400.0,1880229.0,16114646.14,17219046.14
2023-09,R002,Stena Carron,Stena Drilling,48,2,33149.2,925.14,35.831549819486774,20823624.53,628.1787955667106,36.0,10,52.0,5.620770910348704,996663.0,1553540.0,2550203.0,21820287.53,23373827.53
2023-09,R004,Noble Don Taylor,Noble,11,2,6404.0,197.98,32.34670168703909,4674040.63,729.8626842598376,6.0,9,74.0,37.3775128800889,1510832.0,2288634.0,3799466.0,6184872.63,8473506.629999999
2023-10,R002,Stena Carron,Stena Drilling,13,2,6317.8,246.67,25.612356589775818,5503236.83,871.0685412643642,12.0,10,28.0,11.351197956784368,536662.0,578779.0,1115441.0,6039898.83,6618677.83
2023-10,R004,Noble Don Taylor,Noble,75,3,51015.6,1451.02,35.15844026960345,34602691.37,678.2766716455359,42.0,16,148.0,10.199721575167812,3021664.0,5689824.0,8711488.0,37624355.37,43314179.37
2023-11,R002,Stena Carron,Stena Drilling,20,1,14857.2,393.95,37.71341540804671,8915278.17,600.0644919634924,0.0,19,128.0,32.49143292295977,2453328.0,3694706.0,6148034.0,11368606.17,15063312.17
2023-11,R003,Stena DrillMAX,Stena Drilling,26,1,17159.9,503.49,34.081908280204175,11719190.56,682.9404926602136,14.0,5,32.0,6.355637649208524,640000.0,937009.0,1577009.0,12359190.56,13296199.56
2023-11,R004,Noble Don Taylor,Noble,7,2,5014.7,142.0,35.31478873239436,3376101.21,673.2409137136818,0.0,14,72.0,50.70422535211268,1469995.0,2131147.0,3601142.0,4846096.21,6977243.21
2023-12,R002,Stena Carron,Stena Drilling,27,2,17485.5,507.46,34.45690300713357,11571542.91,661.7793548940551,27.0,7,40.0,7.882394671501203,766665.0,1282626.0,2049291.0,12338207.91,13620833.91
2023-12,R004,Noble Don Taylor,Noble,25,1,14759.0,471.53,31.30023540389795,11288027.32,764.8233159428146,30.0,18,90.0,19.08680253642398,1837495.0,2407663.0,4245158.0,13125522.32,15533185.32
2024-01,R002,Stena Carron,Stena Drilling,22,2,14137.8,435.3,32.47829083390765,9753006.89,689.8532225664532,13.0,7,56.0,12.86469101768895,1073331.0,1523521.0,2596852.0,10826337.89,12349858.89
2024-01,R003,Stena DrillMAX,Stena Drilling,24,1,16378.5,464.59000000000003,35.253664521405966,10914140.09,666.3699416918521,8.0,15,62.0,13.34509998062808,1240000.0,2189487.0,3429487.0,12154140.09,14343627.09
2024-02,R002,Stena Carron,Stena Drilling,21,1,11775.4,394.07,29.881493135737305,8906338.1,756.351215245342,11.0,14,76.0,19.285913670160124,1456664.0,2199108.0,3655772.0,10363002.1,12562110.1
2024-02,R003,Stena DrillMAX,Stena Drilling,1,1,257.4,20.53,12.537749634680953,487378.34,1893.4667443667447,0.0,5,32.0,155.86945932781296,640000.0,1325943.0,1965943.0,1127378.34,2453321.34
2024-02,R004,Noble Don Taylor,Noble,12,1,9705.3,241.19,40.23923048219246,5688913.390000001,586.165640423274,0.0,5,28.0,11.609104855093495,571665.0,1010935.0,1582600.0,6260578.390000001,7271513.390000001
2024-03,R001,Noble Bob Douglas,Noble,21,1,15193.6,426.54,35.620574858161014,9802862.89,645.1968519639848,0.0,2,12.0,2.8133352088901393,237500.0,294459.0,531959.0,10040362.89,10334821.89
2024-03,R004,Noble Don Taylor,Noble,20,1,11657.6,370.18,31.491706737262955,8756220.85,751.1169408797693,0.0,5,44.0,11.886109460262574,898332.0,1631884.0,2530216.0,9654552.85,11286436.85
2024-04,R001,Noble Bob Douglas,Noble,7,1,3110.3,134.13,23.188697532244838,3103947.9899999998,997.9577500562646,0.0,5,34.0,25.34854245880862,672916.0,1186696.0,1859612.0,3776863.9899999998,4963559.99
2024-04,R002,Stena Carron,Stena Drilling,68,4,49599.8,1306.5,37.963872942977424,29313410.16,590.9985556393373,40.0,14,72.0,5.510907003444317,1379996.0,1819984.0,3199980.0,30693406.16,32513390.16
2024-04,R003,Stena DrillMAX,Stena Drilling,29,2,20595.4,569.33,36.17480196019883,13329008.14,647.1837468560941,5.0,8,38.0,6.674512145855655,760000.0,1010955.0,1770955.0,14089008.14,15099963.14
2024-05,R001,Noble Bob Douglas,Noble,25,1,17519.9,492.0,35.609552845528455,11297110.83,644.8159424425938,31.0,9,62.0,12.601626016260163,1227081.0,1724524.0,2951605.0,12524191.83,14248715.83
2024-05,R002,Stena Carron,Stena Drilling,51,4,27751.100000000002,989.16,28.055218569291117,22364810.68,805.9071777334951,33.0,18,114.0,11.524930243843261,2184992.0,3002082.0,5187074.0,24549802.68,27551884.68
2024-05,R003,Stena DrillMAX,Stena Drilling,56,4,36603.1,1039.56,35.21018507830236,24378065.04,666.0109400569897,50.0,18,138.0,13.274847050675286,2760000.0,4344627.0,7104627.0,27138065.04,31482692.04
2024-06,R001,Noble Bob Douglas,Noble,5,1,2217.3,90.1,24.60932297447281,2107916.24,950.6680377035133,16.0,5,20.0,22.197558268590456,395831.0,608275.0,1004106.0,2503747.24,3112022.24
2024-06,R003,Stena DrillMAX,Stena Drilling,44,2,25031.0,852.54,29.360499214113123,19913379.31,795.5486920218927,32.0,16,66.0,7.7415722429446125,1320000.0,1843019.0,3163019.0,21233379.31,23076398.31
2024-07,R002,Stena Carron,Stena Drilling,16,1,11237.8,305.21,36.81989449886963,6836784.82,608.3739539767571,6.0,5,24.0,7.8634382883916,459998.0,826326.0,1286324.0,7296782.82,8123108.82
2024-07,R004,Noble Don Taylor,Noble,29,2,21953.7,553.29,39.67846879574907,13258518.52,603.9309328268128,12.0,8,40.0,7.2294818268900585,816664.0,1314833.0,2131497.0,14075182.52,15390015.52
2024-08,R002,Stena Carron,Stena Drilling,9,1,3964.1,171.15,23.161554192229037,3905488.28,985.2143689614288,0.0,3,24.0,14.022787028921998,459999.0,608722.0,1068721.0,4365487.279999999,4974209.279999999
2024-08,R004,Noble Don Taylor,Noble,30,2,16472.9,557.22,29.562650299702092,13312904.7,808.170067201282,27.0,4,48.0,8.614191881124151,980000.0,1072718.0,2052718.0,14292904.7,15365622.7
2024-09,R002,Stena Carron,Stena Drilling,25,1,16488.1,486.11,33.918454670753526,10919375.29,662.2579490662963,16.0,11,44.0,9.051449260455453,843329.0,1092876.0,1936205.0,11762704.29,12855580.29
2024-10,R001,Noble Bob Douglas,Noble,6,1,4594.8,118.21000000000001,38.86980796886896,2747925.0,598.0510577174197,10.0,2,12.0,10.1514254293207,237500.0,360223.0,597723.0,2985425.0,3345648.0
2024-10,R002,Stena Carron,Stena Drilling,7,1,3171.1,138.45000000000002,22.904297580353916,3145706.86,991.9923244300085,9.0,5,20.0,14.445648248465147,383331.0,344803.0,728134.0,3529037.86,3873840.86
2024-10,R003,Stena DrillMAX,Stena Drilling,8,1,6105.6,143.67000000000002,42.49738985174358,3394776.29,556.0102676231656,12.0,0,0.0,0.0,0.0,0.0,0.0,3394776.29,3394776.29
2024-10,R004,Noble Don Taylor,Noble,22,1,16149.9,435.32,37.09891574014518,10279220.31,636.4881708245872,2.0,11,52.0,11.945235688688781,1061662.0,1646434.0,2708096.0,11340882.31,12987316.31
2024-11,R001,Noble Bob Douglas,Noble,22,1,13404.4,412.96,32.45931809376211,9619601.71,717.64507997374,20.0,2,10.0,2.4215420379697794,197916.0,264273.0,462189.0,9817517.71,10081790.71
2024-11,R002,Stena Carron,Stena Drilling,31,2,23361.4,603.69,38.69767595951564,13521518.65,578.7974457866395,15.0,7,32.0,5.300733820338253,613332.0,1244561.0,1857893.0,14134850.65,15379411.65
2024-11,R003,Stena DrillMAX,Stena Drilling,17,1,9592.2,316.66,30.291795616749827,7323032.63,763.4361908634098,12.0,4,46.0,14.52662161308659,920000.0,1081993.0,2001993.0,8243032.63,9325025.629999999
2024-11,R004,Noble Don Taylor,Noble,4,2,2084.3,76.25999999999999,27.331497508523476,1827703.03,876.890577172192,0.0,3,30.0,39.339103068450044,612499.0,675807.0,1288306.0,2440202.0300000003,3116009.0300000003
2024-12,R002,Stena Carron,Stena Drilling,51,3,32150.1,996.47,32.263991891376556,22458403.01,698.5484651680711,29.0,20,116.0,11.641093058496493,2223326.0,4097825.0,6321151.0,24681729.01,28779554.01
2024-12,R004,Noble Don Taylor,Noble,28,1,18191.7,514.95,35.327119137780365,12353035.07,679.0478663346471,46.0,8,34.0,6.602582775026701,694164.0,1152351.0,1846515.0,13047199.07,14199550.07
2025-01,R002,Stena Carron,Stena Drilling,1,1,347.4,17.66,19.671574178935447,392326.61,1129.322423719056,0.0,21,106.0,600.2265005662514,2031659.0,3024425.0,5056084.0,2423985.61,5448410.609999999
2025-01,R004,Noble Don Taylor,Noble,5,1,2291.2,99.89,22.937230954049454,2349210.12,1025.3186627094974,0.0,8,36.0,36.03964360796876,734997.0,1222682.0,1957679.0,3084207.12,4306889.12
