Responsible_Party,NPT_Events,NPT_Hours,NPT_Hours_pct,NPT_Cost_USD,Deferred_Cost_USD,Total_Impact_USD,Avg_Duration_hr
Marine Operations,88,490.0,12.23,9680807.0,15319214.0,25000021.0,5.57
Weather,73,452.0,11.28,8978731.0,12905251.0,21883982.0,6.19
Mud Engineering,70,438.0,10.93,8624150.0,12602406.0,21226556.0,6.26
Directional Drilling,71,428.0,10.68,8436232.0,12743917.0,21180149.0,6.03
Operator,72,386.0,9.63,7650398.0,11004753.0,18655151.0,5.36
OEM Vendor,59,376.0,9.38,7405818.0,10925504.0,18331322.0,6.37
Drilling Contractor,65,368.0,9.18,7268732.0,11731782.0,19000514.0,5.66
Maintenance Team,47,308.0,7.68,6051237.0,8849042.0,14900279.0,6.55
Supply Chain,32,236.0,5.89,4707076.0,7613966.0,12321042.0,7.38
Marine Logistics,36,190.0,4.74,3750826.0,5760985.0,9511811.0,5.28
Procurement,36,180.0,4.49,3533741.0,5662321.0,9196062.0,5.0
Rig Management,9,66.0,1.65,1317497.0,1253577.0,2571074.0,7.33
Medical Team,11,56.0,1.4,1129164.0,1735089.0,2864253.0,5.09
HR,8,34.0,0.85,669999.0,837963.0,1507962.0,4.25
