Root_Cause,NPT_Events,NPT_Hours,NPT_Cost_USD,Total_Impact_USD
Differential Sticking,50,342.0,6730406.0,16607490.0
Unexpected Pressure,62,328.0,6457480.0,15016252.0
Formation Instability,56,292.0,5766235.0,14427460.0
Bit Wear,45,290.0,5756659.0,15010654.0
Equipment Wear,44,288.0,5687071.0,15261510.0
Poor Preventive Maintenance,38,252.0,4968739.0,12375421.0
Strong Wind,33,236.0,4696660.0,12019394.0
Heavy Rain,32,224.0,4422909.0,10864999.0
Hydraulic Failure,31,210.0,4110827.0,9982294.0
Electrical Failure,37,200.0,3949990.0,9779455.0
Customs Clearance,30,186.0,3684576.0,10235957.0
Lightning,40,176.0,3468737.0,9120864.0
High Waves,29,164.0,3219991.0,8033895.0
Late Supply Vessel,30,152.0,3009993.0,7587022.0
Port Congestion,21,150.0,2966663.0,7290244.0
Storm,27,142.0,2851241.0,6844851.0
Material Shortage,23,118.0,2330411.0,5915692.0
OEM Defect,21,102.0,2009160.0,4833435.0
Medical Emergency,8,60.0,1209165.0,3042462.0
Training Requirement,14,54.0,1062079.0,2291065.0
Crew Rotation,6,42.0,845416.0,1609762.0
