NPT_Category,NPT_Subcategory,NPT_Events,NPT_Hours,NPT_Hours_pct,NPT_Cost_USD,Deferred_Cost_USD,Total_Impact_USD,Impact_pct,Avg_Duration_hr
Drilling,Stuck Pipe,43,274.0,6.84,5387074.0,7491927.0,12879001.0,6.5,6.37
Drilling,Hole Cleaning,38,232.0,5.79,4596656.0,6388939.0,10985595.0,5.54,6.11
Mechanical,Top Drive Failure,36,232.0,5.79,4617491.0,7568044.0,12185535.0,6.15,6.44
Drilling,Lost Circulation,38,230.0,5.74,4542908.0,6589903.0,11132811.0,5.62,6.05
Weather,Lightning,38,230.0,5.74,4548740.0,6583777.0,11132517.0,5.62,6.05
Weather,Poor Visibility,34,206.0,5.14,4072906.0,6463203.0,10536109.0,5.32,6.06
Weather,Heavy Rain,33,202.0,5.04,4010824.0,6535700.0,10546524.0,5.32,6.12
Drilling,Bit Failure,33,192.0,4.79,3784575.0,5693899.0,9478474.0,4.78,5.82
Drilling,Fishing Operation,32,184.0,4.59,3629575.0,5556439.0,9186014.0,4.64,5.75
Weather,High Waves,30,176.0,4.39,3509159.0,5333554.0,8842713.0,4.46,5.87
Logistics,Fuel Supply Delay,25,172.0,4.29,3449579.0,5043662.0,8493241.0,4.29,6.88
Mechanical,BOP Repair,23,156.0,3.89,3057493.0,5219155.0,8276648.0,4.18,6.78
Mechanical,Draw Works Failure,28,152.0,3.79,3001657.0,4432497.0,7434154.0,3.75,5.43
Mechanical,Power System Failure,24,152.0,3.79,2966661.0,4415559.0,7382220.0,3.73,6.33
Drilling,Well Control,29,140.0,3.49,2769992.0,4629969.0,7399961.0,3.73,4.83
Logistics,Waiting on Cement,23,138.0,3.44,2721247.0,4187866.0,6909113.0,3.49,6.0
Logistics,Delayed Helicopter,23,132.0,3.29,2573327.0,4736845.0,7310172.0,3.69,5.74
Mechanical,Mud Pump Failure,19,128.0,3.19,2512080.0,3759564.0,6271644.0,3.17,6.74
Weather,Strong Wind,26,128.0,3.19,2517909.0,3308231.0,5826140.0,2.94,4.92
Mechanical,Rotary Table Failure,21,118.0,2.94,2332078.0,2615264.0,4947342.0,2.5,5.62
Mechanical,Generator Failure,20,114.0,2.84,2238327.0,3496245.0,5734572.0,2.89,5.7
Logistics,Waiting on Materials,20,106.0,2.64,2072910.0,3027594.0,5100504.0,2.57,5.3
Personnel,Safety Stand Down,13,68.0,1.7,1357080.0,1419949.0,2777029.0,1.4,5.23
Logistics,Waiting on Boat,13,58.0,1.45,1174580.0,2041305.0,3215885.0,1.62,4.46
Personnel,Crew Change,6,52.0,1.3,1041665.0,1420275.0,2461940.0,1.24,8.67
Personnel,Medical Evacuation,7,28.0,0.7,555832.0,810285.0,1366117.0,0.69,4.0
Personnel,Training,2,8.0,0.2,162083.0,176120.0,338203.0,0.17,4.0
