Well_ID,Rig_ID,NPT_Events,NPT_Hours,NPT_Cost_USD,Deferred_Cost_USD,Total_Impact_USD,Avg_NPT_Duration_hr
W040,R002,21,130.0,2491660.0,4128450.0,6620110.0,6.19
W007,R001,16,128.0,2533329.0,4282582.0,6815911.0,8.0
W019,R003,13,114.0,2280000.0,3281717.0,5561717.0,8.77
W036,R002,19,108.0,2069994.0,3341514.0,5411508.0,5.68
W010,R002,16,106.0,2031661.0,2703200.0,4734861.0,6.63
W011,R004,16,104.0,2123328.0,3064293.0,5187621.0,6.5
W046,R003,16,102.0,2040000.0,2992158.0,5032158.0,6.38
W009,R001,15,100.0,1979163.0,2690209.0,4669372.0,6.67
W013,R003,20,96.0,1920000.0,2963822.0,4883822.0,4.8
W021,R002,16,94.0,1801664.0,2704639.0,4506303.0,5.88
W043,R002,18,94.0,1801662.0,2548737.0,4350399.0,5.22
W035,R003,12,92.0,1840000.0,1755897.0,3595897.0,7.67
W020,R003,20,90.0,1800000.0,2765483.0,4565483.0,4.5
W026,R004,11,90.0,1837497.0,2615327.0,4452824.0,8.18
W028,R002,15,90.0,1724995.0,2418055.0,4143050.0,6.0
W030,R002,15,90.0,1724996.0,2412390.0,4137386.0,6.0
W033,R002,16,90.0,1724995.0,2518455.0,4243450.0,5.63
W001,R004,19,88.0,1796660.0,2808881.0,4605541.0,4.63
W002,R001,13,88.0,1741664.0,2804697.0,4546361.0,6.77
W003,R004,13,88.0,1796663.0,3429015.0,5225678.0,6.77
W018,R004,14,88.0,1796662.0,2059142.0,3855804.0,6.29
W032,R004,15,86.0,1755829.0,2495861.0,4251690.0,5.73
W048,R002,14,86.0,1648329.0,2560594.0,4208923.0,6.14
W006,R002,15,84.0,1609994.0,2621287.0,4231281.0,5.6
W023,R004,14,84.0,1714995.0,3113218.0,4828213.0,6.0
W045,R004,10,80.0,1633331.0,2920236.0,4553567.0,8.0
W047,R004,13,78.0,1592495.0,2325588.0,3918083.0,6.0
W015,R003,14,76.0,1520000.0,2865282.0,4385282.0,5.43
W041,R002,14,76.0,1456662.0,2055484.0,3512146.0,5.43
W022,R001,13,74.0,1464580.0,1977792.0,3442372.0,5.69
W034,R001,12,74.0,1464578.0,2192968.0,3657546.0,6.17
W050,R004,11,74.0,1510831.0,2383689.0,3894520.0,6.73
W037,R002,9,72.0,1379996.0,1814397.0,3194393.0,8.0
W029,R002,14,70.0,1341662.0,2007400.0,3349062.0,5.0
W039,R002,13,70.0,1341663.0,1781728.0,3123391.0,5.38
W024,R002,12,68.0,1303329.0,1939009.0,3242338.0,5.67
W038,R004,15,68.0,1388328.0,2167309.0,3555637.0,4.53
W027,R002,10,66.0,1264997.0,1957712.0,3222709.0,6.6
W005,R002,13,64.0,1226662.0,1917071.0,3143733.0,4.92
W012,R004,11,64.0,1306664.0,1927076.0,3233740.0,5.82
W044,R003,12,64.0,1280000.0,2137944.0,3417944.0,5.33
W031,R002,11,60.0,1149994.0,1882761.0,3032755.0,5.45
W049,R003,9,60.0,1200000.0,1754155.0,2954155.0,6.67
W017,R001,11,54.0,1068748.0,1522566.0,2591314.0,4.91
W025,R004,11,54.0,1102497.0,1756149.0,2858646.0,4.91
W004,R002,11,52.0,996663.0,1337831.0,2334494.0,4.73
W042,R004,8,52.0,1061665.0,1336502.0,2398167.0,6.5
W016,R004,10,50.0,1020830.0,1523000.0,2543830.0,5.0
W008,R002,10,40.0,766663.0,1051490.0,1818153.0,4.0
W014,R004,8,38.0,775830.0,1331008.0,2106838.0,4.75
