Date,NPT_Events,NPT_Hours,NPT_Cost_USD,Deferred_Cost_USD,Total_Impact_USD
2023-02-26,1,8.0,158333.0,192897.0,351230.0
2023-06-06,1,6.0,122500.0,230529.0,353029.0
2023-06-07,1,4.0,81666.0,121285.0,202951.0
2023-06-09,1,12.0,245000.0,394548.0,639548.0
2023-09-09,1,12.0,245000.0,250040.0,495040.0
2023-11-02,2,10.0,196666.0,347040.0,543706.0
2023-12-29,1,6.0,122500.0,172937.0,295437.0
2023-12-30,1,4.0,81666.0,62073.0,143739.0
2024-02-03,1,4.0,81666.0,116402.0,198068.0
2024-06-27,2,8.0,155832.0,145123.0,300955.0
2024-06-30,2,4.0,80000.0,118339.0,198339.0
2024-07-01,1,6.0,118750.0,120114.0,238864.0
2024-07-03,1,4.0,76666.0,124855.0,201521.0
2024-07-04,1,18.0,360000.0,200297.0,560297.0
2024-07-05,1,2.0,40000.0,85034.0,125034.0
2024-07-06,2,8.0,156666.0,185570.0,342236.0
2024-07-07,1,2.0,40000.0,51341.0,91341.0
2024-07-10,2,16.0,318333.0,411717.0,730050.0
2024-07-12,1,2.0,40000.0,61338.0,101338.0
2024-08-19,1,6.0,120000.0,130403.0,250403.0
2024-08-26,1,8.0,153333.0,214639.0,367972.0
2024-09-01,1,8.0,163333.0,152781.0,316114.0
2024-09-03,1,2.0,40833.0,27339.0,68172.0
2024-09-04,1,4.0,76666.0,58805.0,135471.0
2024-09-05,1,4.0,76666.0,102592.0,179258.0
2025-01-06,2,6.0,114999.0,240990.0,355989.0
2025-01-07,2,10.0,199166.0,133923.0,333089.0
2025-01-09,1,8.0,153333.0,344980.0,498313.0
2025-01-10,2,6.0,117499.0,214474.0,331973.0
2025-01-11,2,14.0,275000.0,314089.0,589089.0
2025-01-13,1,6.0,115000.0,123339.0,238339.0
2025-01-14,3,16.0,319999.0,544851.0,864850.0
2025-01-16,2,14.0,268333.0,343109.0,611442.0
2025-01-17,1,12.0,240000.0,366765.0,606765.0
2025-01-19,2,8.0,158332.0,263455.0,421787.0
2025-01-20,1,6.0,122500.0,237410.0,359910.0
2025-01-24,1,4.0,76666.0,67923.0,144589.0
2025-01-25,1,4.0,76666.0,85809.0,162475.0
2025-01-26,2,10.0,196666.0,477696.0,674362.0
2025-01-27,2,12.0,229999.0,283747.0,513746.0
2025-01-28,1,6.0,115000.0,236864.0,351864.0
2025-01-29,1,4.0,76666.0,64974.0,141640.0
2025-01-30,2,12.0,237500.0,463881.0,701381.0
2025-02-01,1,4.0,76666.0,58910.0,135576.0
2025-02-05,2,12.0,230000.0,220367.0,450367.0
2025-02-06,1,4.0,76666.0,107545.0,184211.0
2025-02-08,1,6.0,115000.0,150582.0,265582.0
2025-02-09,1,18.0,345000.0,503296.0,848296.0
2025-02-11,1,18.0,345000.0,462111.0,807111.0
2025-02-12,1,8.0,153333.0,272919.0,426252.0
2025-02-20,1,4.0,76666.0,157410.0,234076.0
2025-02-21,1,8.0,163333.0,141844.0,305177.0
2025-02-25,2,10.0,194166.0,340899.0,535065.0
