Rig_ID,NPT_Category,NPT_Events,NPT_Hours,NPT_Cost_USD,Deferred_Cost_USD,Total_Impact_USD
R001,Mechanical,23,172.0,3404161.0,5379462.0,8783623.0
R001,Drilling,22,152.0,3008328.0,4333094.0,7341422.0
R001,Weather,21,102.0,2018743.0,3345018.0,5363761.0
R001,Logistics,12,84.0,1662497.0,2090854.0,3753351.0
R001,Personnel,2,8.0,158333.0,322386.0,480719.0
R002,Drilling,93,512.0,9813301.0,13743704.0,23557005.0
R002,Mechanical,75,480.0,9199977.0,13766502.0,22966479.0
R002,Weather,65,350.0,6708313.0,10065200.0,16773513.0
R002,Logistics,37,222.0,4254988.0,7148706.0,11403694.0
R002,Personnel,12,46.0,881662.0,978092.0,1859754.0
R003,Drilling,49,278.0,5560000.0,8184108.0,13744108.0
R003,Weather,21,172.0,3440000.0,5005878.0,8445878.0
R003,Logistics,23,122.0,2440000.0,4004840.0,6444840.0
R003,Mechanical,19,108.0,2160000.0,3066250.0,5226250.0
R003,Personnel,4,14.0,280000.0,255382.0,535382.0
R004,Weather,54,318.0,6492482.0,9808369.0,16300851.0
R004,Drilling,49,310.0,6329151.0,10090170.0,16419321.0
R004,Mechanical,54,292.0,5961649.0,9294114.0,15255763.0
R004,Logistics,32,178.0,3634158.0,5792872.0,9427030.0
R004,Personnel,10,88.0,1796665.0,2270769.0,4067434.0
