Rig_ID,Root_Cause,NPT_Events,NPT_Hours,NPT_Cost_USD,Deferred_Cost_USD,Total_Impact_USD
R001,Formation Instability,9,66.0,1306247.0,1781266.0,3087513.0
R001,Bit Wear,8,60.0,1187499.0,1741523.0,2929022.0
R001,Poor Preventive Maintenance,5,58.0,1147916.0,1881632.0,3029548.0
R001,Equipment Wear,8,58.0,1147914.0,2276349.0,3424263.0
R001,High Waves,6,36.0,712499.0,1128823.0,1841322.0
R001,Customs Clearance,4,30.0,593749.0,782483.0,1376232.0
R001,Late Supply Vessel,3,28.0,554166.0,768731.0,1322897.0
R001,Lightning,5,22.0,435415.0,775370.0,1210785.0
R001,Strong Wind,4,20.0,395832.0,777821.0,1173653.0
R001,Hydraulic Failure,3,20.0,395833.0,599552.0,995385.0
R001,Electrical Failure,4,20.0,395832.0,367418.0,763250.0
R001,Material Shortage,4,18.0,356249.0,346355.0,702604.0
R001,Unexpected Pressure,3,16.0,316666.0,403561.0,720227.0
R001,OEM Defect,3,16.0,316666.0,254511.0,571177.0
R001,Storm,3,14.0,277082.0,387222.0,664304.0
R001,Heavy Rain,3,10.0,197915.0,275782.0,473697.0
R001,Differential Sticking,2,10.0,197916.0,406744.0,604660.0
R001,Port Congestion,1,8.0,158333.0,193285.0,351618.0
R001,Crew Rotation,1,6.0,118750.0,236976.0,355726.0
R001,Training Requirement,1,2.0,39583.0,85410.0,124993.0
R002,Unexpected Pressure,34,164.0,3143320.0,3820126.0,6963446.0
R002,Differential Sticking,26,164.0,3143325.0,4805534.0,7948859.0
R002,Hydraulic Failure,15,120.0,2299997.0,3595531.0,5895528.0
R002,Equipment Wear,17,120.0,2299994.0,3616161.0,5916155.0
R002,Formation Instability,23,106.0,2031659.0,3142116.0,5173775.0
R002,Poor Preventive Maintenance,17,104.0,1993327.0,2475786.0,4469113.0
R002,Heavy Rain,13,94.0,1801664.0,2760836.0,4562500.0
R002,Electrical Failure,17,90.0,1724996.0,2805903.0,4530899.0
R002,Lightning,20,84.0,1609993.0,2464694.0,4074687.0
R002,Bit Wear,10,78.0,1494997.0,1975928.0,3470925.0
R002,High Waves,14,74.0,1418328.0,2025128.0,3443456.0
R002,Strong Wind,10,70.0,1341664.0,1987246.0,3328910.0
R002,Port Congestion,9,66.0,1264998.0,1917787.0,3182785.0
R002,Customs Clearance,8,56.0,1073330.0,1854249.0,2927579.0
R002,Material Shortage,8,52.0,996664.0,1736371.0,2733035.0
R002,Late Supply Vessel,12,48.0,919996.0,1640299.0,2560295.0
R002,OEM Defect,9,46.0,881663.0,1273121.0,2154784.0
R002,Training Requirement,7,30.0,574997.0,552194.0,1127191.0
R002,Storm,8,28.0,536664.0,827296.0,1363960.0
R002,Medical Emergency,3,12.0,229999.0,330389.0,560388.0
R002,Crew Rotation,2,4.0,76666.0,95509.0,172175.0
R003,Differential Sticking,14,98.0,1960000.0,2461258.0,4421258.0
R003,Bit Wear,14,70.0,1400000.0,2496412.0,3896412.0
R003,Heavy Rain,7,64.0,1280000.0,1919920.0,3199920.0
R003,Unexpected Pressure,9,58.0,1160000.0,1622018.0,2782018.0
R003,Customs Clearance,10,58.0,1160000.0,2265163.0,3425163.0
R003,Strong Wind,7,52.0,1040000.0,1464773.0,2504773.0
R003,Formation Instability,12,52.0,1040000.0,1604420.0,2644420.0
R003,Late Supply Vessel,7,38.0,760000.0,978878.0,1738878.0
R003,Hydraulic Failure,4,34.0,680000.0,683105.0,1363105.0
R003,High Waves,3,32.0,640000.0,931210.0,1571210.0
R003,Poor Preventive Maintenance,6,24.0,480000.0,586422.0,1066422.0
R003,Port Congestion,4,20.0,400000.0,633446.0,1033446.0
R003,Electrical Failure,2,20.0,400000.0,744453.0,1144453.0
R003,Equipment Wear,4,16.0,320000.0,602881.0,922881.0
R003,OEM Defect,3,14.0,280000.0,449389.0,729389.0
R003,Lightning,2,14.0,280000.0,469654.0,749654.0
R003,Storm,2,10.0,200000.0,220321.0,420321.0
R003,Crew Rotation,1,8.0,160000.0,104847.0,264847.0
R003,Material Shortage,2,6.0,120000.0,127353.0,247353.0
R003,Training Requirement,2,4.0,80000.0,125013.0,205013.0
R003,Medical Emergency,1,2.0,40000.0,25522.0,65522.0
R004,Strong Wind,12,94.0,1919164.0,3092894.0,5012058.0
R004,Equipment Wear,15,94.0,1919163.0,3079048.0,4998211.0
R004,Unexpected Pressure,16,90.0,1837494.0,2713067.0,4550561.0
R004,Storm,14,90.0,1837495.0,2558771.0,4396266.0
R004,Bit Wear,13,82.0,1674163.0,3040132.0,4714295.0
R004,Electrical Failure,14,70.0,1429162.0,1911691.0,3340853.0
R004,Differential Sticking,8,70.0,1429165.0,2203548.0,3632713.0
R004,Formation Instability,12,68.0,1388329.0,2133423.0,3521752.0
R004,Poor Preventive Maintenance,10,66.0,1347496.0,2462842.0,3810338.0
R004,Port Congestion,7,56.0,1143332.0,1579063.0,2722395.0
R004,Lightning,13,56.0,1143329.0,1942409.0,3085738.0
R004,Heavy Rain,9,56.0,1143330.0,1485552.0,2628882.0
R004,Medical Emergency,4,46.0,939166.0,1477386.0,2416552.0
R004,Material Shortage,9,42.0,857498.0,1375202.0,2232700.0
R004,Customs Clearance,8,42.0,857497.0,1649486.0,2506983.0
R004,Late Supply Vessel,8,38.0,775831.0,1189121.0,1964952.0
R004,Hydraulic Failure,9,36.0,734997.0,993279.0,1728276.0
R004,OEM Defect,6,26.0,530831.0,847254.0,1378085.0
R004,Crew Rotation,2,24.0,490000.0,327014.0,817014.0
R004,High Waves,6,22.0,449164.0,728743.0,1177907.0
R004,Training Requirement,4,18.0,367499.0,466369.0,833868.0
