Rig_ID,Rig_Name,Well_ID,Well_Name,Engineering_Performance_Score,Engineering_Risk_Resilience_Score,Performance_Risk_Quadrant,Improvement_Priority,Average_ROP_ft_hr,NPT_Hours_pct,Operational_Cost_per_Foot_USD,Total_Economic_Impact_per_Foot_USD,Rig_Well_Interaction,Rig_Effect_Flag
R004,Noble Don Taylor,W001,ATL-001,18.28,21.939999999999998,Priority Intervention,Critical,32.8,14.88,836.63,1006.91,Weak Rig-Well Fit,Negative Rig-Well Interaction
R001,Noble Bob Douglas,W002,ATL-002,31.78,31.14,Priority Intervention,Critical,32.64,13.57,800.29,953.52,Weak Rig-Well Fit,Negative Rig-Well Interaction
R004,Noble Don Taylor,W003,ATL-003,70.84,24.82,Efficient but Exposed,High,34.69,13.95,777.1,959.85,Efficient but NPT Exposed,Mixed
R002,Stena Carron,W004,ATL-004,51.0,96.34,Stable but Inefficient,Medium,33.74,7.9,730.24,796.36,Strong Rig-Well Fit,Positive Rig-Well Interaction
R002,Stena Carron,W005,ATL-005,22.160000000000004,69.16,Stable but Inefficient,Medium,32.02,10.86,777.3,891.05,Slow and Expensive,Mixed
R002,Stena Carron,W006,ATL-006,95.88,56.81999999999999,Benchmark,Low,35.16,12.58,715.62,842.76,Efficient but NPT Exposed,Mixed
R001,Noble Bob Douglas,W007,ATL-007,54.92,7.6800000000000015,Efficient but Exposed,High,34.27,16.82,795.1,993.5,Fast but High Exposure,Mixed
R002,Stena Carron,W008,ATL-008,27.14,97.12,Stable but Inefficient,Medium,31.37,6.02,754.44,807.93,Slow but Controlled,Mixed
R001,Noble Bob Douglas,W009,ATL-009,2.9000000000000004,12.279999999999998,Priority Intervention,Critical,31.37,16.21,855.41,1020.54,Weak Rig-Well Fit,Negative Rig-Well Interaction
R002,Stena Carron,W010,ATL-010,40.72,19.64,Priority Intervention,Critical,33.25,15.93,784.84,930.32,Weak Rig-Well Fit,Negative Rig-Well Interaction
R004,Noble Don Taylor,W011,ATL-011,39.6,30.72000000000001,Priority Intervention,Critical,33.91,13.27,798.12,931.5,Weak Rig-Well Fit,Negative Rig-Well Interaction
R004,Noble Don Taylor,W012,ATL-012,32.28,70.03999999999999,Stable but Inefficient,Medium,33.44,10.35,787.45,891.86,Slow and Expensive,Mixed
R003,Stena DrillMAX,W013,ATL-013,15.599999999999998,37.6,Priority Intervention,Critical,32.74,12.24,802.62,934.03,Slow and Expensive,Mixed
R004,Noble Don Taylor,W014,ATL-014,34.92,95.28,Stable but Inefficient,Medium,32.67,5.28,765.53,825.27,Slow but Controlled,Mixed
R003,Stena DrillMAX,W015,ATL-015,67.03999999999999,35.86,Efficient but Exposed,High,34.46,13.54,776.72,948.96,Efficient but NPT Exposed,Mixed
R004,Noble Don Taylor,W016,ATL-016,45.120000000000005,88.0,Stable but Inefficient,Medium,33.21,8.26,761.39,842.86,Slow but Controlled,Mixed
R001,Noble Bob Douglas,W017,ATL-017,64.32000000000001,84.74,Benchmark,Low,34.07,9.23,746.49,831.08,Strong Rig-Well Fit,Positive Rig-Well Interaction
R004,Noble Don Taylor,W018,ATL-018,78.12,41.34,Efficient but Exposed,High,34.88,14.44,777.07,890.51,Efficient but NPT Exposed,Mixed
R003,Stena DrillMAX,W019,ATL-019,32.36,3.68,Priority Intervention,Critical,33.84,19.85,828.0,1037.06,Fast but High Exposure,Mixed
R003,Stena DrillMAX,W020,ATL-020,56.92,21.92,Efficient but Exposed,High,34.2,15.16,787.84,949.0,Fast but High Exposure,Mixed
R002,Stena Carron,W021,ATL-021,36.6,30.9,Priority Intervention,Critical,33.28,13.93,782.69,924.32,Weak Rig-Well Fit,Negative Rig-Well Interaction
R001,Noble Bob Douglas,W022,ATL-022,65.91999999999999,67.19999999999999,Benchmark,Low,33.78,11.28,753.38,853.59,Strong Rig-Well Fit,Positive Rig-Well Interaction
R004,Noble Don Taylor,W023,ATL-023,78.12,49.74,Benchmark,Low,34.8,12.08,756.46,902.19,Efficient but NPT Exposed,Mixed
R002,Stena Carron,W024,ATL-024,67.03999999999999,78.33999999999999,Benchmark,Low,33.72,10.06,726.39,820.13,Strong Rig-Well Fit,Positive Rig-Well Interaction
R004,Noble Don Taylor,W025,ATL-025,8.68,70.06,Stable but Inefficient,Medium,32.4,9.98,802.96,913.73,Slow and Expensive,Mixed
R004,Noble Don Taylor,W026,ATL-026,67.88,41.6,Efficient but Exposed,High,34.77,13.04,781.42,906.83,Fast but High Exposure,Mixed
R002,Stena Carron,W027,ATL-027,80.72,85.07999999999998,Benchmark,Low,34.24,9.18,711.0,798.43,Strong Rig-Well Fit,Positive Rig-Well Interaction
R002,Stena Carron,W028,ATL-028,60.08,55.96,Benchmark,Low,33.42,12.2,751.96,864.28,Slow but Controlled,Mixed
R002,Stena Carron,W029,ATL-029,72.92,67.94,Benchmark,Low,33.82,11.44,737.28,845.94,Strong Rig-Well Fit,Positive Rig-Well Interaction
R002,Stena Carron,W030,ATL-030,35.8,51.44,Stable but Inefficient,Medium,32.87,12.47,770.41,886.63,Weak Rig-Well Fit,Negative Rig-Well Interaction
R002,Stena Carron,W031,ATL-031,71.67999999999999,87.38,Benchmark,Low,33.77,9.09,719.56,812.54,Strong Rig-Well Fit,Positive Rig-Well Interaction
R004,Noble Don Taylor,W032,ATL-032,56.8,46.66,Efficient but Exposed,High,34.54,12.87,781.03,904.76,Efficient but NPT Exposed,Mixed
R002,Stena Carron,W033,ATL-033,83.32,28.32,Efficient but Exposed,High,35.13,15.8,756.51,907.25,Fast but High Exposure,Mixed
R001,Noble Bob Douglas,W034,ATL-034,40.32000000000001,55.4,Stable but Inefficient,Medium,33.68,12.31,777.48,900.84,Strong Rig-Well Fit,Positive Rig-Well Interaction
R003,Stena DrillMAX,W035,ATL-035,27.28,54.12,Stable but Inefficient,Medium,33.3,12.82,794.96,879.42,Slow and Expensive,Mixed
R002,Stena Carron,W036,ATL-036,64.28,8.840000000000003,Efficient but Exposed,High,33.97,17.94,786.53,986.23,Fast but High Exposure,Mixed
R002,Stena Carron,W037,ATL-037,62.8,75.8,Benchmark,Low,33.71,10.58,736.78,825.13,Strong Rig-Well Fit,Positive Rig-Well Interaction
R004,Noble Don Taylor,W038,ATL-038,36.72,73.58,Stable but Inefficient,Medium,33.47,9.68,773.18,874.5,Slow but Controlled,Mixed
R002,Stena Carron,W039,ATL-039,96.46,78.25999999999999,Benchmark,Low,35.15,11.03,708.87,798.26,Strong Rig-Well Fit,Positive Rig-Well Interaction
R002,Stena Carron,W040,ATL-040,63.32,4.760000000000002,Efficient but Exposed,High,34.28,19.4,790.37,1013.41,Fast but High Exposure,Mixed
R002,Stena Carron,W041,ATL-041,11.0,38.94,Priority Intervention,Critical,32.05,13.76,802.46,937.67,Weak Rig-Well Fit,Negative Rig-Well Interaction
R004,Noble Don Taylor,W042,ATL-042,68.44,91.26,Benchmark,Low,34.37,8.96,746.88,820.09,Strong Rig-Well Fit,Positive Rig-Well Interaction
R002,Stena Carron,W043,ATL-043,52.88,35.7,Priority Intervention,Critical,33.5,14.13,765.34,897.96,Weak Rig-Well Fit,Negative Rig-Well Interaction
R003,Stena DrillMAX,W044,ATL-044,30.52,73.12,Stable but Inefficient,Medium,33.17,9.75,774.37,884.03,Slow but Controlled,Mixed
R004,Noble Don Taylor,W045,ATL-045,15.78,24.36,Priority Intervention,Critical,32.64,14.33,828.32,1013.55,Weak Rig-Well Fit,Negative Rig-Well Interaction
R003,Stena DrillMAX,W046,ATL-046,76.88,20.68,Efficient but Exposed,High,34.85,15.52,772.26,926.58,Efficient but NPT Exposed,Mixed
R004,Noble Don Taylor,W047,ATL-047,84.46,45.88,Efficient but Exposed,High,35.15,13.68,764.8,899.02,Efficient but NPT Exposed,Mixed
R002,Stena Carron,W048,ATL-048,15.0,37.82,Priority Intervention,Critical,32.5,13.36,794.83,937.63,Weak Rig-Well Fit,Negative Rig-Well Interaction
R003,Stena DrillMAX,W049,ATL-049,47.75999999999999,88.3,Stable but Inefficient,Medium,33.49,8.1,752.57,829.59,Slow but Controlled,Mixed
R004,Noble Don Taylor,W050,ATL-050,88.64,36.44,Efficient but Exposed,High,36.15,14.98,759.26,916.11,Efficient but NPT Exposed,Mixed
