Rig_Well_Key,Rig_ID,Rig_Name,Contractor,Rig_Type,Well_ID,Well_Name,Operator,Block,Well_Type,Country,Water_Depth_ft,Water_Depth_Category,Target_Depth_ft,Status,Spud_Date,Drilling_Days,Total_Footage_ft,Total_Drilling_Hours,Average_ROP_ft_hr,Maximum_ROP_ft_hr,Total_Weather_Delay_hr,Weather_Delay_pct,Drilling_Cost_USD,Cost_per_Foot_USD,NPT_Events,NPT_Hours,NPT_Hours_pct,NPT_Events_per_Day,NPT_Hours_per_Day,NPT_Cost_USD,NPT_Cost_per_Foot_USD,Deferred_Cost_USD,Total_NPT_Impact_USD,Operational_Cost_USD,Operational_Cost_per_Foot_USD,Total_Economic_Impact_USD,Total_Economic_Impact_per_Foot_USD,NPT_Cost_pct_of_Operational_Cost,Target_Attainment_pct,Engineering_Performance_Score,Engineering_Risk_Resilience_Score,Risk_Index,Engineering_Performance_Tier,Engineering_Risk_Tier,Performance_Risk_Quadrant,Benchmark_Flag,Improvement_Priority,Engineering_Overall_Rank,Rig_Wells,Rig_Avg_ROP_ft_hr,Rig_Avg_Cost_per_Foot_USD,Rig_Avg_Operational_Cost_per_Foot_USD,Rig_Avg_NPT_pct,Rig_Avg_NPT_Hours,Rig_Avg_Economic_Impact_per_Foot_USD,ROP_vs_Rig_Delta_ft_hr,Operational_Cost_per_Foot_vs_Rig_Delta_USD,NPT_pct_vs_Rig_Delta_pct_points,Economic_Impact_per_Foot_vs_Rig_Delta_USD,ROP_vs_Rig,Cost_vs_Rig,NPT_vs_Rig,Economic_Exposure_vs_Rig,Rig_Well_Interaction,Rig_Effect_Flag
R004_W001,R004,Noble Don Taylor,Noble,Drillship,W001,ATL-001,Atlantic Energy Guyana,Stabroek,Exploration,Guyana,5528.0,Ultra Deepwater,16495.0,Drilling,2023-04-13,26,16495.0,503.52,32.8,46.48,7.0,1.37,12003516.78,727.71,19,88.0,14.88,0.73,3.38,1796660.0,108.92,2808881.0,4605541.0,13800176.78,836.63,16609057.78,1006.91,13.02,100.0,18.28,21.939999999999998,78.06,Needs Improvement,High Risk,Priority Intervention,NO,Critical,48,16,33.993125,699.896875,781.1,11.876875,74.125,906.22125,-1.193125000000002,55.52999999999997,3.0031250000000007,100.68874999999991,Below Rig Average,Worse Than Rig Average,Worse Than Rig Average,Worse Than Rig Average,Weak Rig-Well Fit,Negative Rig-Well Interaction
R001_W002,R001,Noble Bob Douglas,Noble,Drillship,W002,ATL-002,Atlantic Energy Guyana,Stabroek,Development,Guyana,5002.0,Ultra Deepwater,18304.0,Completed,2024-03-11,28,18303.9,560.67,32.64,49.65,0.0,0.0,12906810.88,705.14,13,88.0,13.57,0.46,3.14,1741664.0,95.15,2804697.0,4546361.0,14648474.88,800.29,17453171.88,953.52,11.89,100.0,31.78,31.14,68.86,Needs Improvement,High Risk,Priority Intervention,NO,Critical,43,6,33.30166666666667,696.3633333333333,788.025,13.236666666666666,86.33333333333333,925.5116666666667,-0.6616666666666688,12.264999999999986,0.3333333333333339,28.008333333333326,Below Rig Average,Worse Than Rig Average,Worse Than Rig Average,Worse Than Rig Average,Weak Rig-Well Fit,Negative Rig-Well Interaction
R004_W003,R004,Noble Don Taylor,Noble,Drillship,W003,ATL-003,Atlantic Energy Guyana,Stabroek,Exploration,Guyana,4897.0,Deepwater,18763.0,Completed,2023-09-28,28,18763.0,543.01,34.69,50.52,14.0,2.51,12784056.41,681.34,13,88.0,13.95,0.46,3.14,1796663.0,95.76,3429015.0,5225678.0,14580719.41,777.1,18009734.41,959.85,12.32,100.0,70.84,24.82,75.18,Good,High Risk,Efficient but Exposed,NO,High,26,16,33.993125,699.896875,781.1,11.876875,74.125,906.22125,0.6968749999999986,-4.0,2.073124999999999,53.62874999999997,Above Rig Average,Better Than Rig Average,Worse Than Rig Average,Worse Than Rig Average,Efficient but NPT Exposed,Mixed
R002_W004,R002,Stena Carron,Stena Drilling,Drillship,W004,ATL-004,Atlantic Energy Guyana,Stabroek,Exploration,Guyana,5370.0,Ultra Deepwater,20232.0,Suspended,2023-04-17,33,20231.9,606.2,33.74,49.83,40.0,6.19,13777407.37,680.97,11,52.0,7.9,0.33,1.58,996663.0,49.26,1337831.0,2334494.0,14774070.37,730.24,16111901.37,796.36,6.75,100.0,51.0,96.34,3.6599999999999966,Watch,Low Risk,Stable but Inefficient,NO,Medium,9,20,33.5475,673.5425,755.171,12.383,80.5,876.2115,0.19250000000000256,-24.93100000000004,-4.482999999999999,-79.85149999999999,Above Rig Average,Better Than Rig Average,Better Than Rig Average,Better Than Rig Average,Strong Rig-Well Fit,Positive Rig-Well Interaction
R002_W005,R002,Stena Carron,Stena Drilling,Drillship,W005,ATL-005,Atlantic Energy Guyana,Stabroek,Development,Guyana,4892.0,Deepwater,16853.0,Suspended,2023-03-13,27,16853.1,525.2,32.02,47.87,10.0,1.87,11873271.59,704.52,13,64.0,10.86,0.48,2.37,1226662.0,72.79,1917071.0,3143733.0,13099933.59,777.3,15017004.59,891.05,9.36,100.0,22.160000000000004,69.16,30.840000000000003,Needs Improvement,Moderate Risk,Stable but Inefficient,NO,Medium,35,20,33.5475,673.5425,755.171,12.383,80.5,876.2115,-1.5274999999999963,22.128999999999905,-1.5229999999999997,14.838499999999954,Below Rig Average,Worse Than Rig Average,Better Than Rig Average,Worse Than Rig Average,Slow and Expensive,Mixed
R002_W006,R002,Stena Carron,Stena Drilling,Drillship,W006,ATL-006,Atlantic Energy Guyana,Stabroek,Appraisal,Guyana,4706.0,Deepwater,20616.0,Planned,2024-12-01,30,20616.1,583.51,35.16,48.04,12.0,2.02,13143205.35,637.52,15,84.0,12.58,0.5,2.8,1609994.0,78.09,2621287.0,4231281.0,14753199.35,715.62,17374486.35,842.76,10.91,100.0,95.88,56.81999999999999,43.18000000000001,Excellent,Elevated Risk,Benchmark,YES,Low,3,20,33.5475,673.5425,755.171,12.383,80.5,876.2115,1.6124999999999972,-39.551000000000045,0.19700000000000095,-33.45150000000001,Above Rig Average,Better Than Rig Average,Worse Than Rig Average,Better Than Rig Average,Efficient but NPT Exposed,Mixed
R001_W007,R001,Noble Bob Douglas,Noble,Drillship,W007,ATL-007,Atlantic Energy Guyana,Stabroek,Exploration,Guyana,5538.0,Ultra Deepwater,21585.0,Planned,2023-01-21,33,21584.9,632.93,34.27,48.66,14.0,2.16,14628770.85,677.73,16,128.0,16.82,0.48,3.88,2533329.0,117.37,4282582.0,6815911.0,17162099.85,795.1,21444681.85,993.5,14.76,100.0,54.92,7.6800000000000015,92.32,Watch,High Risk,Efficient but Exposed,NO,High,39,6,33.30166666666667,696.3633333333333,788.025,13.236666666666666,86.33333333333333,925.5116666666667,0.9683333333333337,7.0750000000000455,3.583333333333334,67.98833333333334,Above Rig Average,Worse Than Rig Average,Worse Than Rig Average,Worse Than Rig Average,Fast but High Exposure,Mixed
R002_W008,R002,Stena Carron,Stena Drilling,Drillship,W008,ATL-008,Atlantic Energy Guyana,Stabroek,Development,Guyana,6381.0,Extreme Deepwater,19659.0,Suspended,2024-09-06,32,19659.2,624.56,31.37,45.14,25.0,3.85,14065082.15,715.45,10,40.0,6.02,0.31,1.25,766663.0,39.0,1051490.0,1818153.0,14831745.15,754.44,15883235.15,807.93,5.17,100.0,27.14,97.12,2.8799999999999955,Needs Improvement,Low Risk,Stable but Inefficient,NO,Medium,22,20,33.5475,673.5425,755.171,12.383,80.5,876.2115,-2.1774999999999984,-0.7309999999999945,-6.3629999999999995,-68.28150000000005,Below Rig Average,Better Than Rig Average,Better Than Rig Average,Better Than Rig Average,Slow but Controlled,Mixed
R001_W009,R001,Noble Bob Douglas,Noble,Drillship,W009,ATL-009,Atlantic Energy Guyana,Stabroek,Exploration,Guyana,5984.0,Ultra Deepwater,16291.0,Completed,2023-05-02,27,16290.9,516.8,31.37,46.07,24.0,4.44,11956185.14,733.92,15,100.0,16.21,0.56,3.7,1979163.0,121.49,2690209.0,4669372.0,13935348.14,855.41,16625557.14,1020.54,14.2,100.0,2.9000000000000004,12.279999999999998,87.72,Needs Improvement,High Risk,Priority Intervention,NO,Critical,50,6,33.30166666666667,696.3633333333333,788.025,13.236666666666666,86.33333333333333,925.5116666666667,-1.9316666666666684,67.38499999999999,2.9733333333333345,95.02833333333331,Below Rig Average,Worse Than Rig Average,Worse Than Rig Average,Worse Than Rig Average,Weak Rig-Well Fit,Negative Rig-Well Interaction
R002_W010,R002,Stena Carron,Stena Drilling,Drillship,W010,ATL-010,Atlantic Energy Guyana,Stabroek,Exploration,Guyana,5363.0,Ultra Deepwater,18581.0,Drilling,2024-04-11,29,18581.1,559.41,33.25,46.14,19.0,3.28,12551454.43,675.5,16,106.0,15.93,0.55,3.66,2031661.0,109.34,2703200.0,4734861.0,14583115.43,784.84,17286315.43,930.32,13.93,100.0,40.72,19.64,80.36,Needs Improvement,High Risk,Priority Intervention,NO,Critical,42,20,33.5475,673.5425,755.171,12.383,80.5,876.2115,-0.29749999999999943,29.668999999999983,3.5470000000000006,54.10850000000005,Below Rig Average,Worse Than Rig Average,Worse Than Rig Average,Worse Than Rig Average,Weak Rig-Well Fit,Negative Rig-Well Interaction
R004_W011,R004,Noble Don Taylor,Noble,Drillship,W011,ATL-011,Atlantic Energy Guyana,Stabroek,Exploration,Guyana,5063.0,Ultra Deepwater,22974.0,Suspended,2023-08-03,36,22974.0,679.83,33.91,45.29,31.0,4.36,16212768.29,705.7,16,104.0,13.27,0.44,2.89,2123328.0,92.42,3064293.0,5187621.0,18336096.29,798.12,21400389.29,931.5,11.58,100.0,39.6,30.72000000000001,69.28,Needs Improvement,High Risk,Priority Intervention,NO,Critical,38,16,33.993125,699.896875,781.1,11.876875,74.125,906.22125,-0.08312500000000256,17.019999999999982,1.3931249999999995,25.278749999999945,Below Rig Average,Worse Than Rig Average,Worse Than Rig Average,Worse Than Rig Average,Weak Rig-Well Fit,Negative Rig-Well Interaction
R004_W012,R004,Noble Don Taylor,Noble,Drillship,W012,ATL-012,Atlantic Energy Guyana,Stabroek,Exploration,Guyana,5520.0,Ultra Deepwater,18457.0,Planned,2023-11-27,29,18457.2,554.47,33.44,50.39,30.0,5.13,13227460.52,716.66,11,64.0,10.35,0.38,2.21,1306664.0,70.79,1927076.0,3233740.0,14534124.52,787.45,16461200.52,891.86,8.99,100.0,32.28,70.03999999999999,29.960000000000008,Needs Improvement,Moderate Risk,Stable but Inefficient,NO,Medium,29,16,33.993125,699.896875,781.1,11.876875,74.125,906.22125,-0.5531250000000014,6.350000000000023,-1.5268750000000004,-14.361250000000041,Below Rig Average,Worse Than Rig Average,Better Than Rig Average,Better Than Rig Average,Slow and Expensive,Mixed
R003_W013,R003,Stena DrillMAX,Stena Drilling,Drillship,W013,ATL-013,Atlantic Energy Guyana,Stabroek,Appraisal,Guyana,4595.0,Deepwater,22554.0,Completed,2024-04-03,36,22553.7,688.1,32.74,49.03,16.0,2.27,16182108.87,717.49,20,96.0,12.24,0.56,2.67,1920000.0,85.13,2963822.0,4883822.0,18102108.87,802.62,21065930.87,934.03,10.61,100.0,15.599999999999998,37.6,62.4,Needs Improvement,High Risk,Priority Intervention,NO,Critical,44,8,33.75625,693.8325,786.1675,13.3725,86.75,923.58375,-1.0162499999999994,16.452499999999986,-1.1325000000000003,10.446249999999964,Below Rig Average,Worse Than Rig Average,Better Than Rig Average,Worse Than Rig Average,Slow and Expensive,Mixed
R004_W014,R004,Noble Don Taylor,Noble,Drillship,W014,ATL-014,Atlantic Energy Guyana,Stabroek,Exploration,Guyana,6423.0,Extreme Deepwater,22280.0,Suspended,2023-03-29,35,22280.1,681.68,32.67,46.52,9.0,1.3,16280284.48,730.71,8,38.0,5.28,0.23,1.09,775830.0,34.82,1331008.0,2106838.0,17056114.48,765.53,18387122.48,825.27,4.55,100.0,34.92,95.28,4.719999999999999,Needs Improvement,Low Risk,Stable but Inefficient,NO,Medium,19,16,33.993125,699.896875,781.1,11.876875,74.125,906.22125,-1.3231249999999974,-15.57000000000005,-6.596875,-80.95125000000007,Below Rig Average,Better Than Rig Average,Better Than Rig Average,Better Than Rig Average,Slow but Controlled,Mixed
R003_W015,R003,Stena DrillMAX,Stena Drilling,Drillship,W015,ATL-015,Atlantic Energy Guyana,Stabroek,Exploration,Guyana,6257.0,Extreme Deepwater,16636.0,Suspended,2024-01-08,25,16635.9,485.12,34.46,45.32,8.0,1.62,11401518.43,685.36,14,76.0,13.54,0.56,3.04,1520000.0,91.37,2865282.0,4385282.0,12921518.43,776.72,15786800.43,948.96,11.76,100.0,67.03999999999999,35.86,64.14,Good,High Risk,Efficient but Exposed,NO,High,23,8,33.75625,693.8325,786.1675,13.3725,86.75,923.58375,0.7037499999999994,-9.447499999999991,0.16749999999999865,25.376250000000027,Above Rig Average,Better Than Rig Average,Worse Than Rig Average,Worse Than Rig Average,Efficient but NPT Exposed,Mixed
R004_W016,R004,Noble Don Taylor,Noble,Drillship,W016,ATL-016,Atlantic Energy Guyana,Stabroek,Exploration,Guyana,6778.0,Extreme Deepwater,18696.0,Completed,2023-04-10,29,18696.2,555.32,33.21,51.38,27.0,4.64,13214359.14,706.79,10,50.0,8.26,0.34,1.72,1020830.0,54.6,1523000.0,2543830.0,14235189.14,761.39,15758189.14,842.86,7.17,100.0,45.120000000000005,88.0,12.0,Needs Improvement,Low Risk,Stable but Inefficient,NO,Medium,17,16,33.993125,699.896875,781.1,11.876875,74.125,906.22125,-0.7831249999999983,-19.710000000000036,-3.6168750000000003,-63.36125000000004,Below Rig Average,Better Than Rig Average,Better Than Rig Average,Better Than Rig Average,Slow but Controlled,Mixed
R001_W017,R001,Noble Bob Douglas,Noble,Drillship,W017,ATL-017,Atlantic Energy Guyana,Stabroek,Appraisal,Guyana,6178.0,Extreme Deepwater,17999.0,Suspended,2024-10-25,28,17999.2,531.17,34.07,48.66,30.0,5.35,12367526.71,687.12,11,54.0,9.23,0.39,1.93,1068748.0,59.38,1522566.0,2591314.0,13436274.71,746.49,14958840.71,831.08,7.95,100.0,64.32000000000001,84.74,15.260000000000003,Watch,Low Risk,Benchmark,YES,Low,6,6,33.30166666666667,696.3633333333333,788.025,13.236666666666666,86.33333333333333,925.5116666666667,0.7683333333333309,-41.53499999999997,-4.006666666666666,-94.43166666666662,Above Rig Average,Better Than Rig Average,Better Than Rig Average,Better Than Rig Average,Strong Rig-Well Fit,Positive Rig-Well Interaction
R004_W018,R004,Noble Don Taylor,Noble,Drillship,W018,ATL-018,Atlantic Energy Guyana,Stabroek,Exploration,Guyana,5040.0,Ultra Deepwater,18152.0,Completed,2023-05-11,26,18151.7,521.53,34.88,49.8,0.0,0.0,12308393.58,678.08,14,88.0,14.44,0.54,3.38,1796662.0,98.98,2059142.0,3855804.0,14105055.58,777.07,16164197.58,890.51,12.74,100.0,78.12,41.34,58.66,Good,High Risk,Efficient but Exposed,NO,High,16,16,33.993125,699.896875,781.1,11.876875,74.125,906.22125,0.8868750000000034,-4.029999999999973,2.5631249999999994,-15.711250000000064,Above Rig Average,Better Than Rig Average,Worse Than Rig Average,Better Than Rig Average,Efficient but NPT Exposed,Mixed
R003_W019,R003,Stena DrillMAX,Stena Drilling,Drillship,W019,ATL-019,Atlantic Energy Guyana,Stabroek,Exploration,Guyana,5559.0,Ultra Deepwater,15698.0,Drilling,2024-10-23,25,15697.8,460.33,33.84,49.11,24.0,4.96,10717808.92,682.76,13,114.0,19.85,0.52,4.56,2280000.0,145.24,3281717.0,5561717.0,12997808.92,828.0,16279525.92,1037.06,17.54,100.0,32.36,3.68,96.32,Needs Improvement,High Risk,Priority Intervention,NO,Critical,47,8,33.75625,693.8325,786.1675,13.3725,86.75,923.58375,0.08375000000000199,41.83249999999998,6.477500000000001,113.47624999999994,Above Rig Average,Worse Than Rig Average,Worse Than Rig Average,Worse Than Rig Average,Fast but High Exposure,Mixed
R003_W020,R003,Stena DrillMAX,Stena Drilling,Drillship,W020,ATL-020,Atlantic Energy Guyana,Stabroek,Appraisal,Guyana,5683.0,Ultra Deepwater,17160.0,Completed,2023-11-05,26,17159.9,503.49,34.2,49.53,14.0,2.71,11719190.56,682.94,20,90.0,15.16,0.77,3.46,1800000.0,104.9,2765483.0,4565483.0,13519190.56,787.84,16284673.56,949.0,13.31,100.0,56.92,21.92,78.08,Watch,High Risk,Efficient but Exposed,NO,High,32,8,33.75625,693.8325,786.1675,13.3725,86.75,923.58375,0.4437500000000014,1.6725000000000136,1.7874999999999996,25.41624999999999,Above Rig Average,Worse Than Rig Average,Worse Than Rig Average,Worse Than Rig Average,Fast but High Exposure,Mixed
R002_W021,R002,Stena Carron,Stena Drilling,Drillship,W021,ATL-021,Atlantic Energy Guyana,Stabroek,Appraisal,Guyana,6222.0,Extreme Deepwater,19097.0,Completed,2023-12-10,30,19096.8,580.87,33.28,46.54,30.0,4.91,13145292.25,688.35,16,94.0,13.93,0.53,3.13,1801664.0,94.34,2704639.0,4506303.0,14946956.25,782.69,17651595.25,924.32,12.05,100.0,36.6,30.9,69.1,Needs Improvement,High Risk,Priority Intervention,NO,Critical,40,20,33.5475,673.5425,755.171,12.383,80.5,876.2115,-0.2674999999999983,27.519000000000005,1.5470000000000006,48.10850000000005,Below Rig Average,Worse Than Rig Average,Worse Than Rig Average,Worse Than Rig Average,Weak Rig-Well Fit,Negative Rig-Well Interaction
R001_W022,R001,Noble Bob Douglas,Noble,Drillship,W022,ATL-022,Atlantic Energy Guyana,Stabroek,Appraisal,Guyana,6319.0,Extreme Deepwater,19737.0,Completed,2024-05-06,30,19737.2,582.1,33.78,49.15,47.0,7.47,13405027.07,679.18,13,74.0,11.28,0.43,2.47,1464580.0,74.2,1977792.0,3442372.0,14869607.07,753.38,16847399.07,853.59,9.85,100.0,65.91999999999999,67.19999999999999,32.80000000000001,Good,Moderate Risk,Benchmark,YES,Low,14,6,33.30166666666667,696.3633333333333,788.025,13.236666666666666,86.33333333333333,925.5116666666667,0.4783333333333317,-34.64499999999998,-1.956666666666667,-71.92166666666662,Above Rig Average,Better Than Rig Average,Better Than Rig Average,Better Than Rig Average,Strong Rig-Well Fit,Positive Rig-Well Interaction
R004_W023,R004,Noble Don Taylor,Noble,Drillship,W023,ATL-023,Atlantic Energy Guyana,Stabroek,Exploration,Guyana,6097.0,Extreme Deepwater,21363.0,Suspended,2024-02-18,32,21362.9,611.37,34.8,51.32,0.0,0.0,14445134.24,676.18,14,84.0,12.08,0.44,2.62,1714995.0,80.28,3113218.0,4828213.0,16160129.24,756.46,19273347.24,902.19,10.61,100.0,78.12,49.74,50.260000000000005,Good,High Risk,Benchmark,YES,Low,13,16,33.993125,699.896875,781.1,11.876875,74.125,906.22125,0.806874999999998,-24.639999999999986,0.203125,-4.03125,Above Rig Average,Better Than Rig Average,Worse Than Rig Average,Better Than Rig Average,Efficient but NPT Exposed,Mixed
R002_W024,R002,Stena Carron,Stena Drilling,Drillship,W024,ATL-024,Atlantic Energy Guyana,Stabroek,Appraisal,Guyana,5295.0,Ultra Deepwater,20685.0,Suspended,2024-01-21,32,20685.1,607.96,33.72,50.44,19.0,3.03,13722096.47,663.38,12,68.0,10.06,0.38,2.12,1303329.0,63.01,1939009.0,3242338.0,15025425.47,726.39,16964434.47,820.13,8.67,100.0,67.03999999999999,78.33999999999999,21.66000000000001,Good,Moderate Risk,Benchmark,YES,Low,7,20,33.5475,673.5425,755.171,12.383,80.5,876.2115,0.17249999999999943,-28.781000000000063,-2.3229999999999986,-56.081500000000005,Above Rig Average,Better Than Rig Average,Better Than Rig Average,Better Than Rig Average,Strong Rig-Well Fit,Positive Rig-Well Interaction
R004_W025,R004,Noble Don Taylor,Noble,Drillship,W025,ATL-025,Atlantic Energy Guyana,Stabroek,Appraisal,Guyana,5551.0,Ultra Deepwater,15854.0,Completed,2023-07-11,26,15854.2,487.21,32.4,45.91,28.0,5.43,11627789.13,733.42,11,54.0,9.98,0.42,2.08,1102497.0,69.54,1756149.0,2858646.0,12730286.13,802.96,14486435.13,913.73,8.66,100.0,8.68,70.06,29.94,Needs Improvement,Moderate Risk,Stable but Inefficient,NO,Medium,41,16,33.993125,699.896875,781.1,11.876875,74.125,906.22125,-1.5931250000000006,21.860000000000014,-1.8968749999999996,7.508749999999964,Below Rig Average,Worse Than Rig Average,Better Than Rig Average,Worse Than Rig Average,Slow and Expensive,Mixed
R004_W026,R004,Noble Don Taylor,Noble,Drillship,W026,ATL-026,Atlantic Energy Guyana,Stabroek,Exploration,Guyana,6143.0,Extreme Deepwater,20855.0,Suspended,2023-10-04,31,20855.0,600.04,34.77,45.83,9.0,1.48,14459113.13,693.32,11,90.0,13.04,0.35,2.9,1837497.0,88.11,2615327.0,4452824.0,16296610.13,781.42,18911937.13,906.83,11.28,100.0,67.88,41.6,58.400000000000006,Good,High Risk,Efficient but Exposed,NO,High,21,16,33.993125,699.896875,781.1,11.876875,74.125,906.22125,0.776875000000004,0.31999999999993634,1.163124999999999,0.6087499999999864,Above Rig Average,Worse Than Rig Average,Worse Than Rig Average,Worse Than Rig Average,Fast but High Exposure,Mixed
R002_W027,R002,Stena Carron,Stena Drilling,Drillship,W027,ATL-027,Atlantic Energy Guyana,Stabroek,Appraisal,Guyana,5863.0,Ultra Deepwater,22392.0,Planned,2023-06-10,34,22391.9,653.12,34.24,49.73,38.0,5.5,14655693.1,654.51,10,66.0,9.18,0.29,1.94,1264997.0,56.49,1957712.0,3222709.0,15920690.1,711.0,17878402.1,798.43,7.95,100.0,80.72,85.07999999999998,14.920000000000016,Excellent,Low Risk,Benchmark,YES,Low,2,20,33.5475,673.5425,755.171,12.383,80.5,876.2115,0.6925000000000026,-44.17100000000005,-3.2029999999999994,-77.78150000000005,Above Rig Average,Better Than Rig Average,Better Than Rig Average,Better Than Rig Average,Strong Rig-Well Fit,Positive Rig-Well Interaction
R002_W028,R002,Stena Carron,Stena Drilling,Drillship,W028,ATL-028,Atlantic Energy Guyana,Stabroek,Exploration,Guyana,6481.0,Extreme Deepwater,21528.0,Planned,2024-04-04,33,21527.8,647.66,33.42,48.43,15.0,2.26,14462989.11,671.83,15,90.0,12.2,0.45,2.73,1724995.0,80.13,2418055.0,4143050.0,16187984.11,751.96,18606039.11,864.28,10.66,100.0,60.08,55.96,44.040000000000006,Watch,Elevated Risk,Benchmark,YES,Low,20,20,33.5475,673.5425,755.171,12.383,80.5,876.2115,-0.12749999999999773,-3.2110000000000127,-0.18299999999999983,-11.931500000000028,Below Rig Average,Better Than Rig Average,Better Than Rig Average,Better Than Rig Average,Slow but Controlled,Mixed
R002_W029,R002,Stena Carron,Stena Drilling,Drillship,W029,ATL-029,Atlantic Energy Guyana,Stabroek,Development,Guyana,5854.0,Ultra Deepwater,18474.0,Suspended,2023-11-10,28,18474.0,541.95,33.82,48.64,2.0,0.37,12278777.35,664.65,14,70.0,11.44,0.5,2.5,1341662.0,72.62,2007400.0,3349062.0,13620439.35,737.28,15627839.35,845.94,9.85,100.0,72.92,67.94,32.06,Good,Moderate Risk,Benchmark,YES,Low,8,20,33.5475,673.5425,755.171,12.383,80.5,876.2115,0.27250000000000085,-17.891000000000076,-0.9429999999999996,-30.271499999999946,Above Rig Average,Better Than Rig Average,Better Than Rig Average,Better Than Rig Average,Strong Rig-Well Fit,Positive Rig-Well Interaction
R002_W030,R002,Stena Carron,Stena Drilling,Drillship,W030,ATL-030,Atlantic Energy Guyana,Stabroek,Appraisal,Guyana,6163.0,Extreme Deepwater,20757.0,Suspended,2023-01-22,33,20756.7,632.02,32.87,47.56,14.0,2.17,14266132.13,687.3,15,90.0,12.47,0.45,2.73,1724996.0,83.11,2412390.0,4137386.0,15991128.13,770.41,18403518.13,886.63,10.79,100.0,35.8,51.44,48.56,Needs Improvement,Elevated Risk,Stable but Inefficient,NO,Medium,34,20,33.5475,673.5425,755.171,12.383,80.5,876.2115,-0.677500000000002,15.238999999999919,0.08700000000000152,10.418499999999995,Below Rig Average,Worse Than Rig Average,Worse Than Rig Average,Worse Than Rig Average,Weak Rig-Well Fit,Negative Rig-Well Interaction
R002_W031,R002,Stena Carron,Stena Drilling,Drillship,W031,ATL-031,Atlantic Energy Guyana,Stabroek,Development,Guyana,6029.0,Extreme Deepwater,20249.0,Completed,2023-09-10,31,20249.1,600.42,33.77,48.46,38.0,5.95,13420380.1,662.76,11,60.0,9.09,0.35,1.94,1149994.0,56.79,1882761.0,3032755.0,14570374.1,719.56,16453135.1,812.54,7.89,100.0,71.67999999999999,87.38,12.620000000000005,Good,Low Risk,Benchmark,YES,Low,4,20,33.5475,673.5425,755.171,12.383,80.5,876.2115,0.2225000000000037,-35.611000000000104,-3.2929999999999993,-63.67150000000004,Above Rig Average,Better Than Rig Average,Better Than Rig Average,Better Than Rig Average,Strong Rig-Well Fit,Positive Rig-Well Interaction
R004_W032,R004,Noble Don Taylor,Noble,Drillship,W032,ATL-032,Atlantic Energy Guyana,Stabroek,Exploration,Guyana,6538.0,Extreme Deepwater,20172.0,Drilling,2024-07-14,31,20171.8,582.1,34.54,48.11,15.0,2.51,13999009.8,693.99,15,86.0,12.87,0.48,2.77,1755829.0,87.04,2495861.0,4251690.0,15754838.8,781.03,18250699.8,904.76,11.14,100.0,56.8,46.66,53.34,Watch,High Risk,Efficient but Exposed,NO,High,25,16,33.993125,699.896875,781.1,11.876875,74.125,906.22125,0.546875,-0.07000000000005002,0.9931249999999991,-1.4612500000000637,Above Rig Average,Better Than Rig Average,Worse Than Rig Average,Better Than Rig Average,Efficient but NPT Exposed,Mixed
R002_W033,R002,Stena Carron,Stena Drilling,Drillship,W033,ATL-033,Atlantic Energy Guyana,Stabroek,Appraisal,Guyana,5996.0,Ultra Deepwater,16707.0,Suspended,2024-04-19,25,16706.9,479.76,35.13,51.21,18.0,3.62,10913961.71,653.26,16,90.0,15.8,0.64,3.6,1724995.0,103.25,2518455.0,4243450.0,12638956.71,756.51,15157411.71,907.25,13.65,100.0,83.32,28.32,71.68,Excellent,High Risk,Efficient but Exposed,NO,High,18,20,33.5475,673.5425,755.171,12.383,80.5,876.2115,1.5825000000000031,1.3389999999999418,3.4170000000000016,31.0385,Above Rig Average,Worse Than Rig Average,Worse Than Rig Average,Worse Than Rig Average,Fast but High Exposure,Mixed
R001_W034,R001,Noble Bob Douglas,Noble,Drillship,W034,ATL-034,Atlantic Energy Guyana,Stabroek,Exploration,Guyana,6737.0,Extreme Deepwater,17777.0,Planned,2023-02-28,28,17777.0,527.16,33.68,50.4,44.0,7.7,12356618.88,695.09,12,74.0,12.31,0.43,2.64,1464578.0,82.39,2192968.0,3657546.0,13821196.88,777.48,16014164.88,900.84,10.6,100.0,40.32000000000001,55.4,44.6,Needs Improvement,Elevated Risk,Stable but Inefficient,NO,Medium,30,6,33.30166666666667,696.3633333333333,788.025,13.236666666666666,86.33333333333333,925.5116666666667,0.3783333333333303,-10.544999999999959,-0.9266666666666659,-24.671666666666624,Above Rig Average,Better Than Rig Average,Better Than Rig Average,Better Than Rig Average,Strong Rig-Well Fit,Positive Rig-Well Interaction
R003_W035,R003,Stena DrillMAX,Stena Drilling,Drillship,W035,ATL-035,Atlantic Energy Guyana,Stabroek,Development,Guyana,5908.0,Ultra Deepwater,20791.0,Completed,2024-05-25,33,20790.7,625.48,33.3,48.69,43.0,6.43,14687778.32,706.46,12,92.0,12.82,0.36,2.79,1840000.0,88.5,1755897.0,3595897.0,16527778.32,794.96,18283675.32,879.42,11.13,100.0,27.28,54.12,45.88,Needs Improvement,Elevated Risk,Stable but Inefficient,NO,Medium,37,8,33.75625,693.8325,786.1675,13.3725,86.75,923.58375,-0.45625000000000426,8.792500000000018,-0.5525000000000002,-44.16375000000005,Below Rig Average,Worse Than Rig Average,Better Than Rig Average,Better Than Rig Average,Slow and Expensive,Mixed
R002_W036,R002,Stena Carron,Stena Drilling,Drillship,W036,ATL-036,Atlantic Energy Guyana,Stabroek,Exploration,Guyana,5900.0,Ultra Deepwater,16733.0,Suspended,2024-11-12,25,16733.0,494.14,33.97,49.14,5.0,1.0,11091091.98,662.83,19,108.0,17.94,0.76,4.32,2069994.0,123.71,3341514.0,5411508.0,13161085.98,786.53,16502599.98,986.23,15.73,100.0,64.28,8.840000000000003,91.16,Watch,High Risk,Efficient but Exposed,NO,High,33,20,33.5475,673.5425,755.171,12.383,80.5,876.2115,0.42249999999999943,31.358999999999924,5.557000000000002,110.01850000000002,Above Rig Average,Worse Than Rig Average,Worse Than Rig Average,Worse Than Rig Average,Fast but High Exposure,Mixed
R002_W037,R002,Stena Carron,Stena Drilling,Drillship,W037,ATL-037,Atlantic Energy Guyana,Stabroek,Appraisal,Guyana,5806.0,Ultra Deepwater,20535.0,Planned,2024-04-20,32,20535.1,608.83,33.71,46.26,21.0,3.33,13749815.59,669.58,9,72.0,10.58,0.28,2.25,1379996.0,67.2,1814397.0,3194393.0,15129811.59,736.78,16944208.59,825.13,9.12,100.0,62.8,75.8,24.200000000000003,Watch,Moderate Risk,Benchmark,YES,Low,11,20,33.5475,673.5425,755.171,12.383,80.5,876.2115,0.16250000000000142,-18.391000000000076,-1.802999999999999,-51.081500000000005,Above Rig Average,Better Than Rig Average,Better Than Rig Average,Better Than Rig Average,Strong Rig-Well Fit,Positive Rig-Well Interaction
R004_W038,R004,Noble Don Taylor,Noble,Drillship,W038,ATL-038,Atlantic Energy Guyana,Stabroek,Appraisal,Guyana,5472.0,Ultra Deepwater,21390.0,Planned,2024-11-30,34,21390.1,634.15,33.47,49.28,46.0,6.76,15149998.79,708.27,15,68.0,9.68,0.44,2.0,1388328.0,64.91,2167309.0,3555637.0,16538326.79,773.18,18705635.79,874.5,8.39,100.0,36.72,73.58,26.42,Needs Improvement,Moderate Risk,Stable but Inefficient,NO,Medium,27,16,33.993125,699.896875,781.1,11.876875,74.125,906.22125,-0.5231250000000003,-7.920000000000073,-2.1968750000000004,-31.721250000000055,Below Rig Average,Better Than Rig Average,Better Than Rig Average,Better Than Rig Average,Slow but Controlled,Mixed
R002_W039,R002,Stena Carron,Stena Drilling,Drillship,W039,ATL-039,Atlantic Energy Guyana,Stabroek,Development,Guyana,6268.0,Extreme Deepwater,19931.0,Drilling,2023-07-09,29,19931.0,564.51,35.15,50.46,11.0,1.91,12786789.7,641.55,13,70.0,11.03,0.45,2.41,1341663.0,67.32,1781728.0,3123391.0,14128452.7,708.87,15910180.7,798.26,9.5,100.0,96.46,78.25999999999999,21.74000000000001,Excellent,Moderate Risk,Benchmark,YES,Low,1,20,33.5475,673.5425,755.171,12.383,80.5,876.2115,1.6024999999999991,-46.301000000000045,-1.3529999999999998,-77.95150000000001,Above Rig Average,Better Than Rig Average,Better Than Rig Average,Better Than Rig Average,Strong Rig-Well Fit,Positive Rig-Well Interaction
R002_W040,R002,Stena Carron,Stena Drilling,Drillship,W040,ATL-040,Atlantic Energy Guyana,Stabroek,Exploration,Guyana,5782.0,Ultra Deepwater,18510.0,Completed,2024-11-17,28,18509.8,540.17,34.28,53.2,27.0,4.76,12137950.94,655.76,21,130.0,19.4,0.75,4.64,2491660.0,134.61,4128450.0,6620110.0,14629610.94,790.37,18758060.94,1013.41,17.03,100.0,63.32,4.760000000000002,95.24,Watch,High Risk,Efficient but Exposed,NO,High,36,20,33.5475,673.5425,755.171,12.383,80.5,876.2115,0.7325000000000017,35.198999999999955,7.0169999999999995,137.19849999999997,Above Rig Average,Worse Than Rig Average,Worse Than Rig Average,Worse Than Rig Average,Fast but High Exposure,Mixed
R002_W041,R002,Stena Carron,Stena Drilling,Drillship,W041,ATL-041,Atlantic Energy Guyana,Stabroek,Appraisal,Guyana,5209.0,Ultra Deepwater,15202.0,Completed,2024-07-16,25,15201.9,476.36,32.05,48.27,6.0,1.24,10742273.1,706.64,14,76.0,13.76,0.56,3.04,1456662.0,95.82,2055484.0,3512146.0,12198935.1,802.46,14254419.1,937.67,11.94,100.0,11.0,38.94,61.06,Needs Improvement,High Risk,Priority Intervention,NO,Critical,46,20,33.5475,673.5425,755.171,12.383,80.5,876.2115,-1.4975000000000023,47.28899999999999,1.3770000000000007,61.45849999999996,Below Rig Average,Worse Than Rig Average,Worse Than Rig Average,Worse Than Rig Average,Weak Rig-Well Fit,Negative Rig-Well Interaction
R004_W042,R004,Noble Don Taylor,Noble,Drillship,W042,ATL-042,Atlantic Energy Guyana,Stabroek,Development,Guyana,5979.0,Ultra Deepwater,18255.0,Drilling,2024-07-20,28,18254.8,528.41,34.37,47.52,24.0,4.34,12572413.42,688.72,8,52.0,8.96,0.29,1.86,1061665.0,58.16,1336502.0,2398167.0,13634078.42,746.88,14970580.42,820.09,7.79,100.0,68.44,91.26,8.740000000000009,Good,Low Risk,Benchmark,YES,Low,5,16,33.993125,699.896875,781.1,11.876875,74.125,906.22125,0.3768749999999983,-34.22000000000003,-2.916874999999999,-86.13125000000002,Above Rig Average,Better Than Rig Average,Better Than Rig Average,Better Than Rig Average,Strong Rig-Well Fit,Positive Rig-Well Interaction
R002_W043,R002,Stena Carron,Stena Drilling,Drillship,W043,ATL-043,Atlantic Energy Guyana,Stabroek,Appraisal,Guyana,5934.0,Ultra Deepwater,19218.0,Drilling,2023-09-01,30,19217.9,571.39,33.5,45.46,10.0,1.72,12906481.26,671.59,18,94.0,14.13,0.6,3.13,1801662.0,93.75,2548737.0,4350399.0,14708143.26,765.34,17256880.26,897.96,12.25,100.0,52.88,35.7,64.3,Watch,High Risk,Priority Intervention,NO,Critical,31,20,33.5475,673.5425,755.171,12.383,80.5,876.2115,-0.04749999999999943,10.168999999999983,1.7470000000000017,21.748500000000035,Below Rig Average,Worse Than Rig Average,Worse Than Rig Average,Worse Than Rig Average,Weak Rig-Well Fit,Negative Rig-Well Interaction
R003_W044,R003,Stena DrillMAX,Stena Drilling,Drillship,W044,ATL-044,Atlantic Energy Guyana,Stabroek,Appraisal,Guyana,5148.0,Ultra Deepwater,19496.0,Completed,2024-05-19,31,19496.2,592.45,33.17,53.74,8.0,1.33,13817299.17,708.72,12,64.0,9.75,0.39,2.06,1280000.0,65.65,2137944.0,3417944.0,15097299.17,774.37,17235243.17,884.03,8.48,100.0,30.52,73.12,26.879999999999995,Needs Improvement,Moderate Risk,Stable but Inefficient,NO,Medium,28,8,33.75625,693.8325,786.1675,13.3725,86.75,923.58375,-0.5862499999999997,-11.797500000000014,-3.6225000000000005,-39.553750000000036,Below Rig Average,Better Than Rig Average,Better Than Rig Average,Better Than Rig Average,Slow but Controlled,Mixed
R004_W045,R004,Noble Don Taylor,Noble,Drillship,W045,ATL-045,Atlantic Energy Guyana,Stabroek,Exploration,Guyana,4817.0,Deepwater,15766.0,Completed,2023-05-11,25,15766.1,478.29,32.64,52.53,9.0,1.85,11426115.78,724.73,10,80.0,14.33,0.4,3.2,1633331.0,103.6,2920236.0,4553567.0,13059446.78,828.32,15979682.78,1013.55,12.51,100.0,15.78,24.36,75.64,Needs Improvement,High Risk,Priority Intervention,NO,Critical,49,16,33.993125,699.896875,781.1,11.876875,74.125,906.22125,-1.3531249999999986,47.22000000000003,2.453125,107.3287499999999,Below Rig Average,Worse Than Rig Average,Worse Than Rig Average,Worse Than Rig Average,Weak Rig-Well Fit,Negative Rig-Well Interaction
R003_W046,R003,Stena DrillMAX,Stena Drilling,Drillship,W046,ATL-046,Atlantic Energy Guyana,Stabroek,Appraisal,Guyana,5757.0,Ultra Deepwater,19389.0,Suspended,2024-04-29,29,19388.9,555.4,34.85,45.73,20.0,3.48,12933266.13,667.04,16,102.0,15.52,0.55,3.52,2040000.0,105.21,2992158.0,5032158.0,14973266.13,772.26,17965424.13,926.58,13.62,100.0,76.88,20.68,79.32,Good,High Risk,Efficient but Exposed,NO,High,24,8,33.75625,693.8325,786.1675,13.3725,86.75,923.58375,1.09375,-13.907500000000027,2.147499999999999,2.996250000000032,Above Rig Average,Better Than Rig Average,Worse Than Rig Average,Worse Than Rig Average,Efficient but NPT Exposed,Mixed
R004_W047,R004,Noble Don Taylor,Noble,Drillship,W047,ATL-047,Atlantic Energy Guyana,Stabroek,Exploration,Guyana,5183.0,Ultra Deepwater,17327.0,Suspended,2024-10-08,25,17327.0,492.27,35.15,49.62,2.0,0.4,11659169.74,672.89,13,78.0,13.68,0.52,3.12,1592495.0,91.91,2325588.0,3918083.0,13251664.74,764.8,15577252.74,899.02,12.02,100.0,84.46,45.88,54.120000000000005,Excellent,High Risk,Efficient but Exposed,NO,High,10,16,33.993125,699.896875,781.1,11.876875,74.125,906.22125,1.1568749999999994,-16.300000000000068,1.8031249999999996,-7.201250000000073,Above Rig Average,Better Than Rig Average,Worse Than Rig Average,Better Than Rig Average,Efficient but NPT Exposed,Mixed
R002_W048,R002,Stena Carron,Stena Drilling,Drillship,W048,ATL-048,Atlantic Energy Guyana,Stabroek,Appraisal,Guyana,5163.0,Ultra Deepwater,17931.0,Drilling,2023-01-21,30,17931.0,557.9,32.5,45.09,39.0,6.53,12603788.4,702.9,14,86.0,13.36,0.47,2.87,1648329.0,91.93,2560594.0,4208923.0,14252117.4,794.83,16812711.4,937.63,11.57,100.0,15.0,37.82,62.18,Needs Improvement,High Risk,Priority Intervention,NO,Critical,45,20,33.5475,673.5425,755.171,12.383,80.5,876.2115,-1.0474999999999994,39.65899999999999,0.9770000000000003,61.418499999999995,Below Rig Average,Worse Than Rig Average,Worse Than Rig Average,Worse Than Rig Average,Weak Rig-Well Fit,Negative Rig-Well Interaction
R003_W049,R003,Stena DrillMAX,Stena Drilling,Drillship,W049,ATL-049,Atlantic Energy Guyana,Stabroek,Development,Guyana,6498.0,Extreme Deepwater,22777.0,Suspended,2023-06-16,36,22777.1,680.55,33.49,44.89,28.0,3.95,15941431.0,699.89,9,60.0,8.1,0.25,1.67,1200000.0,52.68,1754155.0,2954155.0,17141431.0,752.57,18895586.0,829.59,7.0,100.0,47.75999999999999,88.3,11.700000000000005,Needs Improvement,Low Risk,Stable but Inefficient,NO,Medium,15,8,33.75625,693.8325,786.1675,13.3725,86.75,923.58375,-0.26624999999999943,-33.59749999999997,-5.272500000000001,-93.99374999999998,Below Rig Average,Better Than Rig Average,Better Than Rig Average,Better Than Rig Average,Slow but Controlled,Mixed
R004_W050,R004,Noble Don Taylor,Noble,Drillship,W050,ATL-050,Atlantic Energy Guyana,Stabroek,Appraisal,Guyana,6131.0,Extreme Deepwater,15197.0,Planned,2023-10-01,22,15197.0,419.87,36.15,46.79,19.0,4.33,10027597.8,659.84,11,74.0,14.98,0.5,3.36,1510831.0,99.42,2383689.0,3894520.0,11538428.8,759.26,13922117.8,916.11,13.09,100.0,88.64,36.44,63.56,Excellent,High Risk,Efficient but Exposed,NO,High,12,16,33.993125,699.896875,781.1,11.876875,74.125,906.22125,2.1568749999999994,-21.840000000000032,3.1031250000000004,9.888749999999959,Above Rig Average,Better Than Rig Average,Worse Than Rig Average,Worse Than Rig Average,Efficient but NPT Exposed,Mixed
