NPT_Category,NPT_Subcategory,NPT_Events,NPT_Hours,NPT_Cost_USD,Deferred_Production_USD,Total_Impact_USD,Low_Events,Medium_Events,High_Events,Hotspot_Score,Cumulative_Impact_USD,Cumulative_Impact_Pct,Pareto_80_Flag
Drilling,Stuck Pipe,43,274.0,5387074.0,0.0,5387074.0,21,20,2,1364.9603438596491,5387074.0,6.801482563950229,True
Mechanical,Top Drive Failure,36,232.0,4617491.0,0.0,4617491.0,16,17,3,1328.5221305263158,10004565.0,12.63132349906586,True
Drilling,Hole Cleaning,38,232.0,4596656.0,0.0,4596656.0,20,15,3,984.6995929824561,14601221.0,18.43485908006534,True
Weather,Lightning,38,230.0,4548740.0,0.0,4548740.0,20,15,3,1085.3088224561404,19149961.0,24.177898028099648,True
Drilling,Lost Circulation,38,230.0,4542908.0,0.0,4542908.0,16,21,1,935.8648589473684,23692869.0,29.913573749582223,True
Weather,Poor Visibility,34,206.0,4072906.0,0.0,4072906.0,19,12,3,1013.9667649122807,27765775.0,35.055845629197805,True
Weather,Heavy Rain,33,202.0,4010824.0,0.0,4010824.0,19,12,2,1005.437945263158,31776599.0,40.11973550765003,True
Drilling,Bit Failure,33,192.0,3784575.0,0.0,3784575.0,17,14,2,826.5258610526316,35561174.0,44.89797335522033,True
Drilling,Fishing Operation,32,184.0,3629575.0,0.0,3629575.0,18,12,2,699.2349978947368,39190749.0,49.4805150238608,True
Weather,High Waves,30,176.0,3509159.0,0.0,3509159.0,14,15,1,903.8062273684211,42699908.0,53.91102475003664,True
Logistics,Fuel Supply Delay,25,172.0,3449579.0,0.0,3449579.0,11,11,3,915.8906273684211,46149487.0,58.26631139014384,True
Mechanical,BOP Repair,23,156.0,3057493.0,0.0,3057493.0,11,10,2,637.1713852631578,49206980.0,62.126567501142105,True
Mechanical,Draw Works Failure,28,152.0,3001657.0,0.0,3001657.0,15,12,1,474.8131368421053,52208637.0,65.91632753570988,True
Mechanical,Power System Failure,24,152.0,2966661.0,0.0,2966661.0,10,13,1,614.4742007017544,55175298.0,69.66190316074328,True
Drilling,Well Control,29,140.0,2769992.0,0.0,2769992.0,20,7,2,482.6314947368421,57945290.0,73.15917316117051,True
Logistics,Waiting on Cement,23,138.0,2721247.0,0.0,2721247.0,10,12,1,587.185667368421,60666537.0,76.59489986971431,True
Logistics,Delayed Helicopter,23,132.0,2573327.0,0.0,2573327.0,16,5,2,674.7998652631579,63239864.0,79.84386929575939,True
Weather,Strong Wind,26,128.0,2517909.0,0.0,2517909.0,14,12,0,282.21706105263155,65757773.0,83.02287039377909,False
Mechanical,Mud Pump Failure,19,128.0,2512080.0,0.0,2512080.0,8,8,3,628.3858021052632,68269853.0,86.19451205291504,False
Mechanical,Rotary Table Failure,21,118.0,2332078.0,0.0,2332078.0,11,9,1,421.3681319298246,70601931.0,89.13889110818177,False
Mechanical,Generator Failure,20,114.0,2238327.0,0.0,2238327.0,13,5,2,616.6522778947368,72840258.0,91.96490427653976,False
Logistics,Waiting on Materials,20,106.0,2072910.0,0.0,2072910.0,11,9,0,273.5717221052631,74913168.0,94.58206922018785,False
Personnel,Safety Stand Down,13,68.0,1357080.0,0.0,1357080.0,8,4,1,257.4174989473684,76270248.0,96.29545870729821,False
Logistics,Waiting on Boat,13,58.0,1174580.0,0.0,1174580.0,9,4,0,174.14021052631577,77444828.0,97.7784317256686,False
Personnel,Crew Change,6,52.0,1041665.0,0.0,1041665.0,3,1,2,356.2315789473684,78486493.0,99.09359211421668,False
Personnel,Medical Evacuation,7,28.0,555832.0,0.0,555832.0,4,3,0,53.41749894736842,79042325.0,99.79536113697107,False
Personnel,Training,2,8.0,162083.0,0.0,162083.0,1,1,0,14.378947368421054,79204408.0,100.0,False
