NPT_Category,NPT_Subcategory,NPT_Events,NPT_Hours,NPT_Cost_USD,Deferred_Production_USD,Total_Impact_USD,Low_Events,Medium_Events,High_Events,Hotspot_Score
Drilling,Stuck Pipe,43,274.0,5387074.0,0.0,5387074.0,21,20,2,1364.9603438596491
Mechanical,Top Drive Failure,36,232.0,4617491.0,0.0,4617491.0,16,17,3,1328.5221305263158
Drilling,Hole Cleaning,38,232.0,4596656.0,0.0,4596656.0,20,15,3,984.6995929824561
Weather,Lightning,38,230.0,4548740.0,0.0,4548740.0,20,15,3,1085.3088224561404
Drilling,Lost Circulation,38,230.0,4542908.0,0.0,4542908.0,16,21,1,935.8648589473684
Weather,Poor Visibility,34,206.0,4072906.0,0.0,4072906.0,19,12,3,1013.9667649122807
Weather,Heavy Rain,33,202.0,4010824.0,0.0,4010824.0,19,12,2,1005.437945263158
Drilling,Bit Failure,33,192.0,3784575.0,0.0,3784575.0,17,14,2,826.5258610526316
Drilling,Fishing Operation,32,184.0,3629575.0,0.0,3629575.0,18,12,2,699.2349978947368
Weather,High Waves,30,176.0,3509159.0,0.0,3509159.0,14,15,1,903.8062273684211
Logistics,Fuel Supply Delay,25,172.0,3449579.0,0.0,3449579.0,11,11,3,915.8906273684211
Mechanical,BOP Repair,23,156.0,3057493.0,0.0,3057493.0,11,10,2,637.1713852631578
Mechanical,Draw Works Failure,28,152.0,3001657.0,0.0,3001657.0,15,12,1,474.8131368421053
Mechanical,Power System Failure,24,152.0,2966661.0,0.0,2966661.0,10,13,1,614.4742007017544
Drilling,Well Control,29,140.0,2769992.0,0.0,2769992.0,20,7,2,482.6314947368421
Logistics,Waiting on Cement,23,138.0,2721247.0,0.0,2721247.0,10,12,1,587.185667368421
Logistics,Delayed Helicopter,23,132.0,2573327.0,0.0,2573327.0,16,5,2,674.7998652631579
Weather,Strong Wind,26,128.0,2517909.0,0.0,2517909.0,14,12,0,282.21706105263155
Mechanical,Mud Pump Failure,19,128.0,2512080.0,0.0,2512080.0,8,8,3,628.3858021052632
Mechanical,Rotary Table Failure,21,118.0,2332078.0,0.0,2332078.0,11,9,1,421.3681319298246
Mechanical,Generator Failure,20,114.0,2238327.0,0.0,2238327.0,13,5,2,616.6522778947368
Logistics,Waiting on Materials,20,106.0,2072910.0,0.0,2072910.0,11,9,0,273.5717221052631
Personnel,Safety Stand Down,13,68.0,1357080.0,0.0,1357080.0,8,4,1,257.4174989473684
Logistics,Waiting on Boat,13,58.0,1174580.0,0.0,1174580.0,9,4,0,174.14021052631577
Personnel,Crew Change,6,52.0,1041665.0,0.0,1041665.0,3,1,2,356.2315789473684
Personnel,Medical Evacuation,7,28.0,555832.0,0.0,555832.0,4,3,0,53.41749894736842
Personnel,Training,2,8.0,162083.0,0.0,162083.0,1,1,0,14.378947368421054
