Rank,NPT_Category,NPT_Subcategory,Root_Cause,NPT_Events,NPT_Hours,NPT_Rig_Cost_USD,Deferred_Production_Impact_USD,Total_Impact_USD,High_Events,Medium_Events,Low_Events,NPT_Hours_per_Event,High_Severity_Pct,Cumulative_Impact_USD,Cumulative_Impact_Pct,Pareto_80_Flag
1,Drilling,Hole Cleaning,Differential Sticking,11,104.0,2066665.0,0.0,4901437.0,3,5,3,9.454545454545455,27.27272727272727,4901437.0,2.473597071409141,True
2,Drilling,Lost Circulation,Formation Instability,14,100.0,1981663.0,0.0,4882950.0,1,7,6,7.142857142857143,7.142857142857142,9784387.0,4.9378643505432525,True
3,Mechanical,Top Drive Failure,Poor Preventive Maintenance,9,78.0,1543331.0,0.0,4520732.0,2,3,4,8.666666666666666,22.22222222222222,14305119.0,7.219331894821715,True
4,Mechanical,Top Drive Failure,Equipment Wear,11,78.0,1558748.0,0.0,4444086.0,1,7,3,7.090909090909091,9.090909090909092,18749205.0,9.462118676471741,True
5,Weather,Poor Visibility,Heavy Rain,9,78.0,1549998.0,0.0,4182298.0,2,4,3,8.666666666666666,22.22222222222222,22931503.0,11.572789503121214,True
6,Drilling,Stuck Pipe,Differential Sticking,12,80.0,1569998.0,0.0,3977501.0,1,6,5,6.666666666666667,8.333333333333332,26909004.0,13.580105893218022,True
7,Logistics,Fuel Supply Delay,Customs Clearance,10,70.0,1402081.0,0.0,3927139.0,1,5,4,7.0,10.0,30836143.0,15.562006207231367,True
8,Drilling,Stuck Pipe,Unexpected Pressure,13,86.0,1682913.0,0.0,3913518.0,0,7,6,6.615384615384615,0.0,34749661.0,17.537032442130837,True
9,Drilling,Fishing Operation,Formation Instability,11,66.0,1295414.0,0.0,3534755.0,1,3,7,6.0,9.090909090909092,38284416.0,19.320909214626088,True
10,Logistics,Delayed Helicopter,Customs Clearance,7,60.0,1175832.0,0.0,3437722.0,2,1,4,8.571428571428571,28.57142857142857,41722138.0,21.055816563535966,True
11,Weather,Poor Visibility,Strong Wind,8,58.0,1156248.0,0.0,3311150.0,1,3,4,7.25,12.5,45033288.0,22.72684710886306,True
12,Weather,Lightning,Lightning,16,66.0,1304996.0,0.0,3303321.0,0,7,9,4.125,0.0,48336609.0,24.39392661055293,True
13,Drilling,Well Control,Bit Wear,7,54.0,1079999.0,0.0,3223917.0,2,1,4,7.714285714285714,28.57142857142857,51560526.0,26.020933476022414,True
14,Drilling,Bit Failure,Differential Sticking,11,62.0,1217497.0,0.0,3099059.0,0,6,5,5.636363636363637,0.0,54659585.0,27.584928538393743,True
15,Mechanical,Draw Works Failure,Hydraulic Failure,8,62.0,1201249.0,0.0,3096667.0,1,6,1,7.75,12.5,57756252.0,29.147716435561318,True
16,Drilling,Stuck Pipe,Bit Wear,9,66.0,1298332.0,0.0,2978603.0,1,4,4,7.333333333333333,11.11111111111111,60734855.0,30.65092124217017,True
17,Drilling,Hole Cleaning,Unexpected Pressure,13,60.0,1191245.0,0.0,2884582.0,0,5,8,4.615384615384615,0.0,63619437.0,32.10667668438834,True
18,Mechanical,BOP Repair,Equipment Wear,6,56.0,1076665.0,0.0,2779241.0,1,2,3,9.333333333333334,16.666666666666664,66398678.0,33.50926992354253,True
19,Drilling,Bit Failure,Unexpected Pressure,9,54.0,1057497.0,0.0,2726099.0,1,3,5,6.0,11.11111111111111,69124777.0,34.88504411033131,True
20,Weather,Heavy Rain,Strong Wind,7,54.0,1054999.0,0.0,2719878.0,1,4,2,7.714285714285714,14.285714285714285,71844655.0,36.257678759188394,True
21,Drilling,Fishing Operation,Differential Sticking,8,58.0,1139998.0,0.0,2703486.0,1,4,3,7.25,12.5,74548141.0,37.6220408946592,True
22,Drilling,Bit Failure,Bit Wear,6,52.0,1031666.0,0.0,2661871.0,1,4,1,8.666666666666666,16.666666666666664,77210012.0,38.96540128265744,True
23,Drilling,Lost Circulation,Bit Wear,10,48.0,962498.0,0.0,2623049.0,0,4,6,4.8,0.0,79833061.0,40.28916946014552,True
24,Weather,Lightning,High Waves,7,56.0,1102081.0,0.0,2577917.0,1,2,4,8.0,14.285714285714285,82410978.0,41.59016097376405,True
25,Mechanical,Generator Failure,Equipment Wear,8,44.0,871247.0,0.0,2539624.0,1,1,6,5.5,12.5,84950602.0,42.87182724610018,True
26,Weather,High Waves,Strong Wind,6,52.0,1050416.0,0.0,2509977.0,1,4,1,8.666666666666666,16.666666666666664,87460579.0,44.138531634324345,True
27,Mechanical,Power System Failure,Electrical Failure,7,48.0,932499.0,0.0,2465029.0,0,5,2,6.857142857142857,0.0,89925608.0,45.38255221754078,True
28,Logistics,Waiting on Cement,Late Supply Vessel,9,48.0,944582.0,0.0,2374908.0,0,5,4,5.333333333333333,0.0,92300516.0,46.58109164050309,True
29,Weather,Heavy Rain,Heavy Rain,7,50.0,995831.0,0.0,2316470.0,0,3,4,7.142857142857143,0.0,94616986.0,47.75013929081608,True
30,Weather,High Waves,Lightning,8,42.0,830414.0,0.0,2312273.0,0,4,4,5.25,0.0,96929259.0,48.917068850677495,True
31,Drilling,Hole Cleaning,Bit Wear,8,48.0,944165.0,0.0,2187474.0,0,4,4,6.0,0.0,99116733.0,50.021016382836656,True
32,Logistics,Waiting on Cement,Port Congestion,4,40.0,786666.0,0.0,2126042.0,1,2,1,10.0,25.0,101242775.0,51.09396116717089,True
33,Mechanical,BOP Repair,Electrical Failure,5,40.0,799166.0,0.0,2092385.0,1,3,1,8.0,20.0,103335160.0,52.1499203498066,True
34,Weather,Heavy Rain,Storm,5,40.0,806665.0,0.0,2045585.0,1,1,3,8.0,20.0,105380745.0,53.18226108280357,True
35,Mechanical,Mud Pump Failure,Equipment Wear,4,32.0,641249.0,0.0,2028719.0,1,1,2,8.0,25.0,107409464.0,54.2060900899115,True
36,Weather,Lightning,Heavy Rain,6,44.0,852499.0,0.0,2022806.0,1,2,3,7.333333333333333,16.666666666666664,109432270.0,55.226934996747765,True
37,Drilling,Stuck Pipe,Formation Instability,9,42.0,835831.0,0.0,2009379.0,0,3,6,4.666666666666667,0.0,111441649.0,56.24100373000927,True
38,Drilling,Well Control,Formation Instability,9,40.0,780831.0,0.0,1996829.0,0,4,5,4.444444444444445,0.0,113438478.0,57.24873888329285,True
39,Drilling,Well Control,Unexpected Pressure,11,40.0,792496.0,0.0,1962300.0,0,2,9,3.6363636363636362,0.0,115400778.0,58.239048364619684,True
40,Drilling,Lost Circulation,Unexpected Pressure,8,50.0,979165.0,0.0,1917720.0,0,6,2,6.25,0.0,117318498.0,59.206859758662446,True
41,Weather,Strong Wind,Strong Wind,8,40.0,789164.0,0.0,1895190.0,0,4,4,5.0,0.0,119213688.0,60.1633009888086,True
42,Logistics,Fuel Supply Delay,Material Shortage,7,36.0,722082.0,0.0,1886060.0,0,4,3,5.142857142857143,0.0,121099748.0,61.11513460260429,True
43,Mechanical,Rotary Table Failure,Poor Preventive Maintenance,8,46.0,906665.0,0.0,1855063.0,0,4,4,5.75,0.0,122954811.0,62.05132503085614,True
44,Logistics,Waiting on Materials,Port Congestion,6,40.0,784165.0,0.0,1849672.0,0,4,2,6.666666666666667,0.0,124804483.0,62.98479479538999,True
45,Logistics,Waiting on Materials,Material Shortage,6,38.0,739582.0,0.0,1849566.0,0,4,2,6.333333333333333,0.0,126654049.0,63.91821106514474,True
46,Mechanical,Power System Failure,Equipment Wear,6,42.0,822499.0,0.0,1828126.0,1,3,2,7.0,16.666666666666664,128482175.0,64.84080725882568,True
47,Weather,Heavy Rain,Lightning,7,30.0,599997.0,0.0,1802257.0,0,2,5,4.285714285714286,0.0,130284432.0,65.75034820306848,True
48,Logistics,Fuel Supply Delay,Late Supply Vessel,7,42.0,835416.0,0.0,1792582.0,1,2,4,6.0,14.285714285714285,132077014.0,66.65500648704943,True
49,Logistics,Waiting on Cement,Customs Clearance,6,34.0,671666.0,0.0,1721673.0,0,3,3,5.666666666666667,0.0,133798687.0,67.5238792871536,True
50,Drilling,Lost Circulation,Differential Sticking,6,32.0,619582.0,0.0,1709092.0,0,4,2,5.333333333333333,0.0,135507779.0,68.38640286258033,True
51,Personnel,Crew Change,Medical Emergency,4,30.0,597499.0,0.0,1702023.0,1,1,2,7.5,25.0,137209802.0,69.24535894184258,True
52,Weather,Strong Wind,High Waves,6,32.0,628331.0,0.0,1683282.0,0,3,3,5.333333333333333,0.0,138893084.0,70.09485704322708,True
53,Weather,Heavy Rain,High Waves,7,28.0,553332.0,0.0,1662334.0,0,2,5,4.0,0.0,140555418.0,70.93378336505961,True
54,Weather,Lightning,Storm,5,32.0,643331.0,0.0,1645274.0,0,2,3,6.4,0.0,142200692.0,71.764100055464,True
55,Mechanical,Rotary Table Failure,Electrical Failure,7,36.0,716248.0,0.0,1623404.0,0,4,3,5.142857142857143,0.0,143824096.0,72.5833796626718,True
56,Drilling,Fishing Operation,Unexpected Pressure,8,38.0,754164.0,0.0,1612033.0,0,3,5,4.75,0.0,145436129.0,73.39692069315224,True
57,Weather,Lightning,Strong Wind,4,32.0,645833.0,0.0,1583199.0,1,2,1,8.0,25.0,147019328.0,74.19591013438303,True
58,Mechanical,Power System Failure,Poor Preventive Maintenance,6,34.0,669998.0,0.0,1536199.0,0,2,4,5.666666666666667,0.0,148555527.0,74.9711801924296,True
59,Mechanical,Generator Failure,Poor Preventive Maintenance,5,34.0,655832.0,0.0,1423482.0,1,1,3,6.8,20.0,149979009.0,75.68956561825546,True
60,Weather,High Waves,Heavy Rain,6,28.0,550832.0,0.0,1414876.0,0,3,3,4.666666666666667,0.0,151393885.0,76.40360787361998,True
61,Logistics,Delayed Helicopter,Port Congestion,7,30.0,580832.0,0.0,1405411.0,0,2,5,4.285714285714286,0.0,152799296.0,77.11287344894538,True
62,Weather,High Waves,High Waves,5,30.0,587499.0,0.0,1379960.0,0,3,2,6.0,0.0,154179256.0,77.80929472594266,True
63,Weather,Poor Visibility,Lightning,7,30.0,577497.0,0.0,1379915.0,0,2,5,4.285714285714286,0.0,155559171.0,78.50569329289222,True
64,Mechanical,BOP Repair,Hydraulic Failure,4,26.0,508332.0,0.0,1356626.0,0,3,1,6.5,0.0,156915797.0,79.19033865314015,True
65,Drilling,Fishing Operation,Bit Wear,5,22.0,439999.0,0.0,1335740.0,0,2,3,4.4,0.0,158251537.0,79.86444352323518,True
66,Mechanical,Mud Pump Failure,Hydraulic Failure,5,30.0,584166.0,0.0,1329879.0,0,4,1,6.0,0.0,159581416.0,80.53559053578039,False
67,Logistics,Delayed Helicopter,Late Supply Vessel,6,22.0,428331.0,0.0,1303380.0,0,1,5,3.6666666666666665,0.0,160884796.0,81.19336435821924,False
68,Mechanical,Draw Works Failure,Equipment Wear,6,26.0,515831.0,0.0,1264479.0,0,2,4,4.333333333333333,0.0,162149275.0,81.8315061013975,False
69,Logistics,Waiting on Boat,Late Supply Vessel,4,24.0,487499.0,0.0,1260343.0,0,2,2,6.0,0.0,163409618.0,82.46756053885554,False
70,Mechanical,BOP Repair,Poor Preventive Maintenance,5,20.0,393331.0,0.0,1251063.0,0,1,4,4.0,0.0,164660681.0,83.09893165980401,False
71,Weather,High Waves,Storm,5,24.0,489998.0,0.0,1225627.0,0,1,4,4.8,0.0,165886308.0,83.71746605244029,False
72,Mechanical,Top Drive Failure,OEM Defect,6,26.0,525832.0,0.0,1206431.0,0,3,3,4.333333333333333,0.0,167092739.0,84.32631284338285,False
73,Mechanical,Draw Works Failure,Electrical Failure,6,26.0,528330.0,0.0,1201879.0,0,1,5,4.333333333333333,0.0,168294618.0,84.93286238683065,False
74,Mechanical,Mud Pump Failure,OEM Defect,4,28.0,540416.0,0.0,1186992.0,1,1,2,7.0,25.0,169481610.0,85.5318989418218,False
75,Mechanical,Generator Failure,Hydraulic Failure,4,24.0,481249.0,0.0,1167128.0,0,2,2,6.0,0.0,170648738.0,86.12091077707737,False
76,Logistics,Delayed Helicopter,Material Shortage,3,20.0,388332.0,0.0,1163659.0,0,1,2,6.666666666666667,0.0,171812397.0,86.70817191998687,False
77,Mechanical,Top Drive Failure,Electrical Failure,6,26.0,512081.0,0.0,1095591.0,0,2,4,4.333333333333333,0.0,172907988.0,87.2610813400329,False
78,Mechanical,Rotary Table Failure,Hydraulic Failure,3,26.0,508333.0,0.0,1091640.0,1,1,1,8.666666666666666,33.33333333333333,173999628.0,87.8119968178883,False
79,Mechanical,Power System Failure,Hydraulic Failure,3,18.0,349999.0,0.0,1021659.0,0,2,1,6.0,0.0,175021287.0,88.32759514351787,False
80,Logistics,Waiting on Boat,Port Congestion,3,16.0,325000.0,0.0,1021659.0,0,2,1,5.333333333333333,0.0,176042946.0,88.84319346914744,False
81,Personnel,Safety Stand Down,Training Requirement,6,26.0,512498.0,0.0,1019932.0,0,2,4,4.333333333333333,0.0,177062878.0,89.35792023361189,False
82,Drilling,Hole Cleaning,Formation Instability,6,20.0,394581.0,0.0,1012102.0,0,1,5,3.3333333333333335,0.0,178074980.0,89.86869544977144,False
83,Weather,Strong Wind,Storm,6,24.0,470832.0,0.0,996021.0,0,2,4,4.0,0.0,179071001.0,90.37135510420788,False
84,Drilling,Bit Failure,Formation Instability,7,24.0,477915.0,0.0,991445.0,0,1,6,3.4285714285714284,0.0,180062446.0,90.8717053991241,False
85,Personnel,Medical Evacuation,Training Requirement,6,22.0,433332.0,0.0,990027.0,0,2,4,3.6666666666666665,0.0,181052473.0,91.37134007520295,False
86,Mechanical,Draw Works Failure,Poor Preventive Maintenance,3,18.0,361666.0,0.0,988867.0,0,2,1,6.0,0.0,182041340.0,91.87038933671813,False
87,Personnel,Safety Stand Down,Medical Emergency,3,24.0,489166.0,0.0,964349.0,1,0,2,8.0,33.33333333333333,183005689.0,92.3570651548948,False
88,Weather,Poor Visibility,Storm,6,22.0,440415.0,0.0,932344.0,0,2,4,3.6666666666666665,0.0,183938033.0,92.82758908245846,False
89,Weather,Strong Wind,Heavy Rain,4,24.0,473749.0,0.0,928549.0,0,2,2,6.0,0.0,184866582.0,93.29619779599693,False
90,Mechanical,Mud Pump Failure,Electrical Failure,4,16.0,308333.0,0.0,926039.0,0,2,2,4.0,0.0,185792621.0,93.76353979353983,False
91,Mechanical,Top Drive Failure,Hydraulic Failure,4,24.0,477499.0,0.0,918695.0,0,2,2,6.0,0.0,186711316.0,94.22717551129325,False
92,Logistics,Fuel Supply Delay,Port Congestion,1,24.0,490000.0,0.0,887460.0,1,0,0,24.0,100.0,187598776.0,94.67504793258374,False
93,Mechanical,Draw Works Failure,OEM Defect,5,20.0,394581.0,0.0,882262.0,0,1,4,4.0,0.0,188481038.0,95.1202970910276,False
94,Logistics,Waiting on Materials,Late Supply Vessel,4,16.0,314165.0,0.0,855809.0,0,1,3,4.0,0.0,189336847.0,95.55219627408056,False
95,Mechanical,Mud Pump Failure,Poor Preventive Maintenance,2,22.0,437916.0,0.0,800015.0,1,0,1,11.0,50.0,190136862.0,95.95593802595525,False
96,Mechanical,BOP Repair,OEM Defect,3,14.0,279999.0,0.0,797333.0,0,1,2,4.666666666666667,0.0,190934195.0,96.35832625898524,False
97,Personnel,Safety Stand Down,Crew Rotation,4,18.0,355416.0,0.0,792748.0,0,2,2,4.5,0.0,191726943.0,96.75840059048546,False
98,Weather,Poor Visibility,High Waves,4,18.0,348748.0,0.0,730402.0,0,1,3,4.5,0.0,192457345.0,97.12701090785798,False
99,Logistics,Waiting on Cement,Material Shortage,4,16.0,318333.0,0.0,686490.0,0,2,2,4.0,0.0,193143835.0,97.47346025598827,False
100,Logistics,Waiting on Boat,Customs Clearance,3,10.0,199999.0,0.0,603966.0,0,0,3,3.3333333333333335,0.0,193747801.0,97.77826240458892,False
101,Personnel,Crew Change,Crew Rotation,1,18.0,367500.0,0.0,603804.0,1,0,0,18.0,100.0,194351605.0,98.08298279701772,False
102,Logistics,Waiting on Materials,Customs Clearance,4,12.0,234998.0,0.0,545457.0,0,0,4,3.0,0.0,194897062.0,98.35825734156039,False
103,Mechanical,Power System Failure,OEM Defect,2,10.0,191666.0,0.0,531207.0,0,1,1,5.0,0.0,195428269.0,98.62634037098871,False
104,Mechanical,Rotary Table Failure,Equipment Wear,3,10.0,200832.0,0.0,377235.0,0,0,3,3.3333333333333335,0.0,195805504.0,98.81671870110559,False
105,Personnel,Medical Evacuation,Medical Emergency,1,6.0,122500.0,0.0,376090.0,0,1,0,6.0,0.0,196181594.0,99.00651918667467,False
106,Mechanical,Generator Failure,Electrical Failure,2,8.0,153333.0,0.0,375128.0,0,1,1,4.0,0.0,196556722.0,99.19583418189006,False
107,Logistics,Waiting on Boat,Material Shortage,3,8.0,162082.0,0.0,329917.0,0,0,3,2.6666666666666665,0.0,196886639.0,99.36233264448543,False
108,Weather,Strong Wind,Lightning,2,8.0,155833.0,0.0,323098.0,0,1,1,4.0,0.0,197209737.0,99.52538977784819,False
109,Mechanical,Generator Failure,OEM Defect,1,4.0,76666.0,0.0,229210.0,0,0,1,4.0,0.0,197438947.0,99.64106466762802,False
110,Drilling,Well Control,Differential Sticking,2,6.0,116666.0,0.0,216915.0,0,0,2,3.0,0.0,197655862.0,99.75053466770038,False
111,Personnel,Training,Crew Rotation,1,6.0,122500.0,0.0,213210.0,0,1,0,6.0,0.0,197869072.0,99.85813487384301,False
112,Personnel,Crew Change,Training Requirement,1,4.0,76666.0,0.0,156113.0,0,0,1,4.0,0.0,198025185.0,99.93692006675866,False
113,Personnel,Training,Training Requirement,1,2.0,39583.0,0.0,124993.0,0,0,1,2.0,0.0,198150178.0,100.0,False
