Engineering_Priority_Rank,Well_ID,Rig_ID,NPT_Category,NPT_Subcategory,Root_Cause,NPT_Events,NPT_Hours,NPT_Rig_Cost_USD,Deferred_Production_Impact_USD,Total_Impact_USD,High_Events,Medium_Events,Low_Events,NPT_Hours_per_Event,High_Severity_Pct,Impact_Index,Hours_Index,Severity_Index,Engineering_Priority_Score
1,W003,R004,Mechanical,Top Drive Failure,Equipment Wear,2,30.0,612500.0,0.0,1964180.0,1,1,0,15.0,50.0,8.410879186052238,7.5,5,7.455439593026119
2,W011,R004,Mechanical,Top Drive Failure,Poor Preventive Maintenance,1,24.0,490000.0,0.0,1549746.0,1,0,0,24.0,100.0,6.636217849213265,6.0,3,5.718108924606632
3,W045,R004,Logistics,Fuel Supply Delay,Customs Clearance,1,24.0,490000.0,0.0,1534504.0,1,0,0,24.0,100.0,6.570949584311979,6.0,3,5.68547479215599
4,W035,R003,Drilling,Bit Failure,Differential Sticking,3,24.0,480000.0,0.0,1175122.0,0,3,0,8.0,0.0,5.032028210689488,6.0,6,5.516014105344744
5,W031,R002,Mechanical,BOP Repair,Equipment Wear,1,24.0,460000.0,0.0,1403802.0,1,0,0,24.0,100.0,6.011266290838163,6.0,3,5.405633145419081
6,W010,R002,Weather,Heavy Rain,Strong Wind,1,24.0,460000.0,0.0,1275283.0,1,0,0,24.0,100.0,5.460930892803234,6.0,3,5.130465446401617
7,W037,R002,Logistics,Delayed Helicopter,Customs Clearance,1,24.0,460000.0,0.0,1223810.0,1,0,0,24.0,100.0,5.240516682118028,6.0,3,5.020258341059014
8,W002,R001,Mechanical,Generator Failure,Equipment Wear,2,20.0,395833.0,0.0,1225246.0,1,0,1,10.0,50.0,5.246665824513925,5.0,4,4.923332912256963
9,W019,R003,Weather,Lightning,High Waves,1,24.0,480000.0,0.0,1154701.0,1,0,0,24.0,100.0,4.944582781116652,6.0,3,4.872291390558326
10,W035,R003,Weather,High Waves,Strong Wind,2,24.0,480000.0,0.0,923922.0,1,1,0,12.0,50.0,3.956356504666454,6.0,5,4.778178252333227
11,W026,R004,Weather,Heavy Rain,Storm,1,24.0,490000.0,0.0,1104657.0,1,0,0,24.0,100.0,4.7302877378992285,6.0,3,4.765143868949615
12,W040,R002,Weather,Poor Visibility,Heavy Rain,2,18.0,345000.0,0.0,1189172.0,0,2,0,9.0,0.0,5.09219217354627,4.5,4,4.696096086773134
13,W015,R003,Logistics,Delayed Helicopter,Customs Clearance,1,18.0,360000.0,0.0,1243515.0,1,0,0,18.0,100.0,5.324896104758092,4.5,3,4.612448052379046
14,W003,R004,Drilling,Hole Cleaning,Differential Sticking,1,18.0,367500.0,0.0,1230862.0,1,0,0,18.0,100.0,5.270714281126287,4.5,3,4.5853571405631435
15,W013,R003,Drilling,Lost Circulation,Formation Instability,2,18.0,360000.0,0.0,1133606.0,0,2,0,9.0,0.0,4.854251194179725,4.5,4,4.5771255970898626
16,W045,R004,Weather,Poor Visibility,Strong Wind,1,18.0,367500.0,0.0,1219350.0,1,0,0,18.0,100.0,5.221418370777014,4.5,3,4.560709185388507
17,W007,R001,Mechanical,Mud Pump Failure,Equipment Wear,1,18.0,356250.0,0.0,1199760.0,1,0,0,18.0,100.0,5.137531393384533,4.5,3,4.518765696692267
18,W019,R003,Drilling,Well Control,Bit Wear,1,18.0,360000.0,0.0,1187467.0,1,0,0,18.0,100.0,5.08489113748429,4.5,3,4.492445568742145
19,W034,R001,Drilling,Fishing Operation,Formation Instability,1,18.0,356250.0,0.0,1178555.0,1,0,0,18.0,100.0,5.046728771862963,4.5,3,4.473364385931481
20,W048,R002,Mechanical,Top Drive Failure,Equipment Wear,3,18.0,344999.0,0.0,980907.0,0,2,1,6.0,0.0,4.200373830174904,4.5,5,4.450186915087452
21,W007,R001,Drilling,Well Control,Bit Wear,1,18.0,356250.0,0.0,1154940.0,1,0,0,18.0,100.0,4.9456062108051055,4.5,3,4.4228031054025525
22,W009,R001,Drilling,Lost Circulation,Formation Instability,1,24.0,475000.0,0.0,939721.0,1,0,0,24.0,100.0,4.024009917419073,6.0,3,4.412004958709536
23,W023,R004,Personnel,Crew Change,Medical Emergency,1,18.0,367500.0,0.0,1141635.0,1,0,0,18.0,100.0,4.888632436726138,4.5,3,4.39431621836307
24,W044,R003,Weather,Poor Visibility,Heavy Rain,1,18.0,360000.0,0.0,1133348.0,1,0,0,18.0,100.0,4.853146403972106,4.5,3,4.376573201986053
25,W036,R002,Mechanical,Draw Works Failure,Hydraulic Failure,1,18.0,345000.0,0.0,1121256.0,1,0,0,18.0,100.0,4.801366856721985,4.5,3,4.350683428360993
26,W018,R004,Logistics,Fuel Supply Delay,Port Congestion,1,24.0,490000.0,0.0,887460.0,1,0,0,24.0,100.0,3.8002213862547825,6.0,3,4.300110693127391
27,W007,R001,Mechanical,Top Drive Failure,Poor Preventive Maintenance,1,18.0,356250.0,0.0,1058312.0,1,0,0,18.0,100.0,4.531832303123601,4.5,3,4.215916151561801
28,W043,R002,Logistics,Delayed Helicopter,Port Congestion,2,18.0,345000.0,0.0,947413.0,0,2,0,9.0,0.0,4.056948081283441,4.5,4,4.17847404064172
29,W020,R003,Mechanical,BOP Repair,Electrical Failure,1,18.0,360000.0,0.0,1023187.0,1,0,0,18.0,100.0,4.381422395981647,4.5,3,4.140711197990823
30,W012,R004,Drilling,Bit Failure,Unexpected Pressure,1,18.0,367500.0,0.0,942459.0,1,0,0,18.0,100.0,4.035734396444117,4.5,3,3.967867198222059
31,W021,R002,Logistics,Waiting on Cement,Port Congestion,1,18.0,345000.0,0.0,918898.0,1,0,0,18.0,100.0,3.9348430705459934,4.5,3,3.9174215352729966
32,W027,R002,Drilling,Fishing Operation,Differential Sticking,1,18.0,345000.0,0.0,910252.0,1,0,0,18.0,100.0,3.897819752192987,4.5,3,3.8989098760964933
33,W036,R002,Mechanical,Power System Failure,Equipment Wear,1,18.0,345000.0,0.0,871177.0,1,0,0,18.0,100.0,3.7304954213297306,4.5,3,3.8152477106648655
34,W010,R002,Weather,Lightning,Heavy Rain,2,20.0,383333.0,0.0,701678.0,1,0,1,10.0,50.0,3.004678229852031,5.0,4,3.8023391149260153
35,W040,R002,Mechanical,Generator Failure,Poor Preventive Maintenance,1,18.0,345000.0,0.0,848296.0,1,0,0,18.0,100.0,3.6325159455912233,4.5,3,3.7662579727956116
36,W032,R004,Weather,Lightning,Strong Wind,1,18.0,367500.0,0.0,813357.0,1,0,0,18.0,100.0,3.4829025151105752,4.5,3,3.6914512575552876
37,W006,R002,Drilling,Bit Failure,Bit Wear,1,18.0,345000.0,0.0,807111.0,1,0,0,18.0,100.0,3.45615631496798,4.5,3,3.67807815748399
38,W019,R003,Drilling,Stuck Pipe,Unexpected Pressure,2,16.0,320000.0,0.0,865421.0,0,1,1,8.0,0.0,3.7058474661550944,4.0,3,3.652923733077547
39,W007,R001,Logistics,Fuel Supply Delay,Late Supply Vessel,1,18.0,356250.0,0.0,782733.0,1,0,0,18.0,100.0,3.351766486745729,4.5,3,3.6258832433728645
40,W048,R002,Mechanical,Rotary Table Failure,Hydraulic Failure,1,18.0,345000.0,0.0,768942.0,1,0,0,18.0,100.0,3.292711596229154,4.5,3,3.596355798114577
41,W043,R002,Mechanical,Mud Pump Failure,OEM Defect,1,18.0,345000.0,0.0,763285.0,1,0,0,18.0,100.0,3.2684875721806974,4.5,3,3.5842437860903487
42,W042,R004,Weather,Poor Visibility,Heavy Rain,1,18.0,367500.0,0.0,757571.0,1,0,0,18.0,100.0,3.2440194665747435,4.5,3,3.5720097332873717
43,W026,R004,Personnel,Safety Stand Down,Medical Emergency,1,18.0,367500.0,0.0,756321.0,1,0,0,18.0,100.0,3.2386668008401545,4.5,3,3.5693334004200774
44,W041,R002,Drilling,Hole Cleaning,Differential Sticking,1,18.0,345000.0,0.0,735612.0,1,0,0,18.0,100.0,3.1499881170820694,4.5,3,3.5249940585410346
45,W022,R001,Weather,Poor Visibility,Strong Wind,2,14.0,277083.0,0.0,870747.0,0,1,1,7.0,0.0,3.728654104317032,3.5,3,3.514327052158516
46,W028,R002,Drilling,Stuck Pipe,Bit Wear,1,18.0,345000.0,0.0,725594.0,1,0,0,18.0,100.0,3.107089712818778,4.5,3,3.503544856409389
47,W022,R001,Drilling,Hole Cleaning,Bit Wear,2,18.0,356250.0,0.0,615284.0,0,2,0,9.0,0.0,2.6347276670727555,4.5,4,3.4673638335363774
48,W049,R003,Drilling,Hole Cleaning,Differential Sticking,1,18.0,360000.0,0.0,674096.0,1,0,0,18.0,100.0,2.8865684488188807,4.5,3,3.3932842244094403
49,W032,R004,Logistics,Fuel Supply Delay,Material Shortage,2,12.0,245000.0,0.0,778394.0,0,2,0,6.0,0.0,3.3331863134478232,3.0,4,3.366593156723911
50,W034,R001,Mechanical,Mud Pump Failure,Poor Preventive Maintenance,1,18.0,356250.0,0.0,640822.0,1,0,0,18.0,100.0,2.7440847690967054,4.5,3,3.3220423845483524
51,W047,R004,Personnel,Crew Change,Crew Rotation,1,18.0,367500.0,0.0,603804.0,1,0,0,18.0,100.0,2.5855687849662887,4.5,3,3.2427843924831445
52,W027,R002,Weather,Lightning,High Waves,2,16.0,306666.0,0.0,651353.0,0,1,1,8.0,0.0,2.789179907377472,4.0,3,3.194589953688736
53,W035,R003,Drilling,Stuck Pipe,Differential Sticking,1,18.0,360000.0,0.0,568849.0,1,0,0,18.0,100.0,2.435886840364238,4.5,3,3.167943420182119
54,W024,R002,Drilling,Stuck Pipe,Unexpected Pressure,2,16.0,306666.0,0.0,620165.0,0,1,1,8.0,0.0,2.6556287562331793,4.0,3,3.12781437811659
55,W026,R004,Weather,High Waves,Strong Wind,1,12.0,245000.0,0.0,825843.0,0,1,0,12.0,0.0,3.5363692226002392,3.0,2,3.0681846113001194
56,W011,R004,Drilling,Bit Failure,Bit Wear,1,12.0,245000.0,0.0,799806.0,0,1,0,12.0,0.0,3.4248753364150413,3.0,2,3.0124376682075202
57,W025,R004,Drilling,Lost Circulation,Bit Wear,1,12.0,245000.0,0.0,784466.0,0,1,0,12.0,0.0,3.3591874225201637,3.0,2,2.979593711260082
58,W024,R002,Logistics,Waiting on Materials,Material Shortage,1,12.0,230000.0,0.0,771101.0,0,1,0,12.0,0.0,3.3019567204859364,3.0,2,2.950978360242968
59,W050,R004,Logistics,Waiting on Cement,Port Congestion,1,12.0,245000.0,0.0,757335.0,0,1,0,12.0,0.0,3.243008883284053,3.0,2,2.921504441642026
60,W014,R004,Drilling,Stuck Pipe,Bit Wear,1,12.0,245000.0,0.0,753399.0,0,1,0,12.0,0.0,3.226154409418979,3.0,2,2.9130772047094893
61,W004,R002,Drilling,Stuck Pipe,Differential Sticking,1,12.0,230000.0,0.0,725852.0,0,1,0,12.0,0.0,3.108194503026397,3.0,2,2.8540972515131986
62,W039,R002,Weather,Lightning,Heavy Rain,1,12.0,230000.0,0.0,723028.0,0,1,0,12.0,0.0,3.0961017605988133,3.0,2,2.8480508802994065
63,W002,R001,Drilling,Bit Failure,Bit Wear,2,12.0,237500.0,0.0,531959.0,0,2,0,6.0,0.0,2.2779189692050434,3.0,4,2.8389594846025217
64,W045,R004,Weather,Heavy Rain,Heavy Rain,2,14.0,285833.0,0.0,518423.0,0,1,1,7.0,0.0,2.219956022498325,3.5,3,2.7599780112491623
65,W023,R004,Weather,Lightning,Storm,1,12.0,245000.0,0.0,676874.0,0,1,0,12.0,0.0,2.898464213147432,3.0,2,2.7492321065737158
66,W030,R002,Weather,High Waves,High Waves,1,12.0,230000.0,0.0,659330.0,0,1,0,12.0,0.0,2.823338479029326,3.0,2,2.711669239514663
67,W030,R002,Mechanical,Power System Failure,Electrical Failure,1,12.0,230000.0,0.0,648094.0,0,1,0,12.0,0.0,2.775224437274251,3.0,2,2.6876122186371254
68,W001,R004,Weather,High Waves,Storm,1,12.0,245000.0,0.0,639548.0,0,1,0,12.0,0.0,2.7386293321800124,3.0,2,2.669314666090006
69,W033,R002,Logistics,Delayed Helicopter,Material Shortage,1,12.0,230000.0,0.0,637608.0,0,1,0,12.0,0.0,2.73032199495993,3.0,2,2.665160997479965
70,W046,R003,Weather,Heavy Rain,Heavy Rain,1,12.0,240000.0,0.0,637476.0,0,1,0,12.0,0.0,2.729756753458357,3.0,2,2.6648783767291784
71,W002,R001,Mechanical,Generator Failure,Hydraulic Failure,1,12.0,237500.0,0.0,632370.0,0,1,0,12.0,0.0,2.707892184465708,3.0,2,2.6539460922328537
72,W012,R004,Logistics,Waiting on Boat,Late Supply Vessel,1,12.0,245000.0,0.0,617611.0,0,1,0,12.0,0.0,2.6446921896042666,3.0,2,2.622346094802133
73,W046,R003,Logistics,Waiting on Materials,Port Congestion,1,12.0,240000.0,0.0,614455.0,0,1,0,12.0,0.0,2.631177779157576,3.0,2,2.6155888895787878
74,W050,R004,Drilling,Stuck Pipe,Differential Sticking,1,12.0,245000.0,0.0,613627.0,0,1,0,12.0,0.0,2.6276321733749843,3.0,2,2.613816086687492
75,W019,R003,Logistics,Waiting on Cement,Late Supply Vessel,1,12.0,240000.0,0.0,606765.0,0,1,0,12.0,0.0,2.5982481795583836,3.0,2,2.5991240897791914
76,W018,R004,Weather,Poor Visibility,Storm,2,12.0,245000.0,0.0,411955.0,0,2,0,6.0,0.0,1.7640459301541354,3.0,4,2.5820229650770674
77,W020,R003,Mechanical,Rotary Table Failure,Poor Preventive Maintenance,2,12.0,240000.0,0.0,465191.0,0,1,1,6.0,0.0,1.9920095405914053,3.0,3,2.496004770295703
78,W018,R004,Drilling,Stuck Pipe,Formation Instability,1,12.0,245000.0,0.0,523344.0,0,1,0,12.0,0.0,2.241028396962255,3.0,2,2.4205141984811274
79,W040,R002,Drilling,Fishing Operation,Formation Instability,1,12.0,230000.0,0.0,505951.0,0,1,0,12.0,0.0,2.166549264864888,3.0,2,2.383274632432444
80,W021,R002,Mechanical,Power System Failure,Electrical Failure,1,12.0,230000.0,0.0,495392.0,0,1,0,12.0,0.0,2.121334226871667,3.0,2,2.3606671134358335
81,W011,R004,Drilling,Hole Cleaning,Differential Sticking,1,12.0,245000.0,0.0,495040.0,0,1,0,12.0,0.0,2.1198269162008065,3.0,2,2.359913458100403
82,W039,R002,Drilling,Hole Cleaning,Unexpected Pressure,2,10.0,191666.0,0.0,461772.0,0,1,1,5.0,0.0,1.9773689292741572,2.5,3,2.338684464637079
83,W040,R002,Drilling,Stuck Pipe,Unexpected Pressure,2,10.0,191666.0,0.0,458375.0,0,1,1,5.0,0.0,1.9628225248738376,2.5,3,2.331411262436919
84,W041,R002,Weather,Lightning,Lightning,2,10.0,191666.0,0.0,456349.0,0,1,1,5.0,0.0,1.9541469242512155,2.5,3,2.327073462125608
85,W041,R002,Drilling,Bit Failure,Unexpected Pressure,2,10.0,191666.0,0.0,449952.0,0,1,1,5.0,0.0,1.926754122087882,2.5,3,2.313377061043941
86,W039,R002,Weather,Heavy Rain,Heavy Rain,1,12.0,230000.0,0.0,469440.0,0,1,0,12.0,0.0,2.010204321956421,3.0,2,2.3051021609782105
87,W011,R004,Weather,Lightning,Lightning,2,10.0,204166.0,0.0,438641.0,0,1,1,5.0,0.0,1.878318920388732,2.5,3,2.289159460194366
88,W009,R001,Logistics,Waiting on Cement,Customs Clearance,1,12.0,237500.0,0.0,461255.0,0,1,0,12.0,0.0,1.9751550667263311,3.0,2,2.2875775333631654
89,W033,R002,Mechanical,BOP Repair,Equipment Wear,1,12.0,230000.0,0.0,449568.0,0,1,0,12.0,0.0,1.9251097831742163,3.0,2,2.262554891587108
90,W021,R002,Logistics,Waiting on Cement,Late Supply Vessel,2,8.0,153333.0,0.0,480487.0,0,1,1,4.0,0.0,2.057509040652426,2.0,3,2.228754520326213
91,W050,R004,Drilling,Lost Circulation,Bit Wear,1,8.0,163333.0,0.0,568521.0,0,1,0,8.0,0.0,2.434482300875482,2.0,2,2.217241150437741
92,W047,R004,Mechanical,Power System Failure,Poor Preventive Maintenance,1,8.0,163333.0,0.0,556282.0,0,1,0,8.0,0.0,2.3820732801349727,2.0,2,2.191036640067486
93,W015,R003,Mechanical,Generator Failure,Equipment Wear,1,8.0,160000.0,0.0,553128.0,0,1,0,8.0,0.0,2.3685674339534577,2.0,2,2.184283716976729
94,W009,R001,Weather,Heavy Rain,High Waves,1,8.0,158333.0,0.0,543123.0,0,1,0,8.0,0.0,2.325724697413806,2.0,2,2.162862348706903
95,W045,R004,Drilling,Lost Circulation,Formation Instability,1,8.0,163333.0,0.0,540299.0,0,1,0,8.0,0.0,2.313631954986222,2.0,2,2.156815977493111
96,W033,R002,Mechanical,Rotary Table Failure,Poor Preventive Maintenance,1,12.0,230000.0,0.0,391849.0,0,1,0,12.0,0.0,1.677949372346416,3.0,2,2.1389746861732077
97,W020,R003,Weather,High Waves,Heavy Rain,1,8.0,160000.0,0.0,524772.0,0,1,0,8.0,0.0,2.2471432822974498,2.0,2,2.123571641148725
98,W028,R002,Drilling,Stuck Pipe,Unexpected Pressure,1,12.0,230000.0,0.0,380405.0,0,1,0,12.0,0.0,1.6289446470131055,3.0,2,2.114472323506553
99,W030,R002,Mechanical,BOP Repair,Hydraulic Failure,1,8.0,153333.0,0.0,517088.0,0,1,0,8.0,0.0,2.2142393754937832,2.0,2,2.1071196877468914
100,W007,R001,Mechanical,BOP Repair,Poor Preventive Maintenance,1,8.0,158333.0,0.0,515497.0,0,1,0,8.0,0.0,2.2074265025467983,2.0,2,2.103713251273399
101,W019,R003,Mechanical,Top Drive Failure,Hydraulic Failure,1,12.0,240000.0,0.0,363301.0,0,1,0,12.0,0.0,1.5557030512335754,3.0,2,2.0778515256167878
102,W035,R003,Weather,Strong Wind,Heavy Rain,1,12.0,240000.0,0.0,362437.0,0,1,0,12.0,0.0,1.5520032886778274,3.0,2,2.0760016443389135
103,W037,R002,Drilling,Stuck Pipe,Bit Wear,1,12.0,230000.0,0.0,362340.0,0,1,0,12.0,0.0,1.5515879218168231,3.0,2,2.0757939609084115
104,W006,R002,Mechanical,Top Drive Failure,Poor Preventive Maintenance,1,8.0,153333.0,0.0,501153.0,0,1,0,8.0,0.0,2.146003592709241,2.0,2,2.0730017963546206
105,W033,R002,Weather,Strong Wind,High Waves,1,8.0,153333.0,0.0,500542.0,0,1,0,8.0,0.0,2.143387209698174,2.0,2,2.071693604849087
106,W044,R003,Weather,High Waves,Lightning,1,8.0,160000.0,0.0,499780.0,0,1,0,8.0,0.0,2.1401242246663683,2.0,2,2.070062112333184
107,W040,R002,Logistics,Delayed Helicopter,Late Supply Vessel,1,8.0,153333.0,0.0,498313.0,0,1,0,8.0,0.0,2.1338423361602543,2.0,2,2.066921168080127
108,W047,R004,Mechanical,BOP Repair,OEM Defect,1,8.0,163333.0,0.0,497818.0,0,1,0,8.0,0.0,2.131722680529357,2.0,2,2.0658613402646786
109,W027,R002,Drilling,Stuck Pipe,Unexpected Pressure,1,8.0,153333.0,0.0,495628.0,0,1,0,8.0,0.0,2.122344810162357,2.0,2,2.0611724050811784
110,W034,R001,Weather,High Waves,Lightning,1,8.0,158333.0,0.0,491200.0,0,1,0,8.0,0.0,2.1033835270641483,2.0,2,2.051691763532074
111,W004,R002,Mechanical,Power System Failure,Poor Preventive Maintenance,1,12.0,230000.0,0.0,351023.0,0,1,0,12.0,0.0,1.5031270273221469,3.0,2,2.0515635136610735
112,W027,R002,Drilling,Bit Failure,Differential Sticking,1,8.0,153333.0,0.0,488768.0,0,1,0,8.0,0.0,2.0929693806109317,2.0,2,2.0464846903054656
113,W023,R004,Mechanical,Mud Pump Failure,Equipment Wear,1,8.0,163333.0,0.0,488048.0,0,1,0,8.0,0.0,2.0898862451478086,2.0,2,2.0449431225739043
114,W036,R002,Drilling,Stuck Pipe,Differential Sticking,2,8.0,153333.0,0.0,388754.0,0,1,1,4.0,0.0,1.6646961719875732,2.0,3,2.0323480859937866
115,W004,R002,Weather,Lightning,Lightning,2,8.0,153333.0,0.0,385405.0,0,1,1,4.0,0.0,1.650355309951462,2.0,3,2.025177654975731
116,W002,R001,Drilling,Hole Cleaning,Bit Wear,1,8.0,158333.0,0.0,475193.0,0,1,0,8.0,0.0,2.0348394307332938,2.0,2,2.0174197153666467
117,W041,R002,Logistics,Fuel Supply Delay,Customs Clearance,1,8.0,153333.0,0.0,470980.0,0,1,0,8.0,0.0,2.0167988061414346,2.0,2,2.008399403070717
118,W046,R003,Drilling,Fishing Operation,Bit Wear,1,8.0,160000.0,0.0,466975.0,0,1,0,8.0,0.0,1.999648865127811,2.0,2,1.9998244325639054
119,W040,R002,Weather,Heavy Rain,Strong Wind,1,8.0,153333.0,0.0,463983.0,0,1,0,8.0,0.0,1.9868367244254983,2.0,2,1.9934183622127493
120,W022,R001,Mechanical,Draw Works Failure,Poor Preventive Maintenance,1,8.0,158333.0,0.0,456648.0,0,1,0,8.0,0.0,1.9554272818949292,2.0,2,1.9777136409474645
121,W032,R004,Weather,Heavy Rain,Lightning,1,8.0,163333.0,0.0,452025.0,0,1,0,8.0,0.0,1.9356309829421248,2.0,2,1.9678154914710624
122,W048,R002,Drilling,Hole Cleaning,Bit Wear,1,8.0,153333.0,0.0,442510.0,0,1,0,8.0,0.0,1.8948864913704324,2.0,2,1.947443245685216
123,W006,R002,Mechanical,Draw Works Failure,Hydraulic Failure,1,8.0,153333.0,0.0,440239.0,0,1,0,8.0,0.0,1.8851617682638309,2.0,2,1.9425808841319152
124,W049,R003,Drilling,Fishing Operation,Unexpected Pressure,1,8.0,160000.0,0.0,439871.0,0,1,0,8.0,0.0,1.8835859434715676,2.0,2,1.9417929717357838
125,W028,R002,Mechanical,Top Drive Failure,Poor Preventive Maintenance,1,8.0,153333.0,0.0,436782.0,0,1,0,8.0,0.0,1.870358435908251,2.0,2,1.9351792179541256
126,W029,R002,Mechanical,Mud Pump Failure,Hydraulic Failure,1,8.0,153333.0,0.0,433276.0,0,1,0,8.0,0.0,1.8553452790558753,2.0,2,1.9276726395279375
127,W017,R001,Logistics,Fuel Supply Delay,Customs Clearance,1,8.0,158333.0,0.0,432665.0,0,1,0,8.0,0.0,1.8527288960448083,2.0,2,1.926364448022404
128,W032,R004,Mechanical,Draw Works Failure,Equipment Wear,1,8.0,163333.0,0.0,430846.0,0,1,0,8.0,0.0,1.8449396968678342,2.0,2,1.9224698484339169
129,W028,R002,Mechanical,Power System Failure,Hydraulic Failure,1,8.0,153333.0,0.0,429389.0,0,1,0,8.0,0.0,1.838700629687597,2.0,2,1.9193503148437983
130,W040,R002,Drilling,Bit Failure,Differential Sticking,1,8.0,153333.0,0.0,426252.0,0,1,0,8.0,0.0,1.8252675797600721,2.0,2,1.912633789880036
131,W024,R002,Mechanical,Power System Failure,OEM Defect,1,8.0,153333.0,0.0,414076.0,0,1,0,8.0,0.0,1.7731283333725862,2.0,2,1.8865641666862931
132,W026,R004,Mechanical,Draw Works Failure,Poor Preventive Maintenance,1,8.0,163333.0,0.0,412453.0,0,1,0,8.0,0.0,1.7661784321827956,2.0,2,1.8830892160913977
133,W047,R004,Drilling,Lost Circulation,Formation Instability,1,8.0,163333.0,0.0,412023.0,0,1,0,8.0,0.0,1.764337115170097,2.0,2,1.8821685575850484
134,W005,R002,Mechanical,BOP Repair,Equipment Wear,1,8.0,153333.0,0.0,405809.0,0,1,0,8.0,0.0,1.7377279432703074,2.0,2,1.8688639716351538
135,W038,R004,Mechanical,Rotary Table Failure,Electrical Failure,1,8.0,163333.0,0.0,400816.0,0,1,0,8.0,0.0,1.7163472552600647,2.0,2,1.8581736276300322
136,W011,R004,Drilling,Hole Cleaning,Unexpected Pressure,1,8.0,163333.0,0.0,398914.0,0,1,0,8.0,0.0,1.7082026390783138,2.0,2,1.854101319539157
137,W026,R004,Drilling,Bit Failure,Bit Wear,1,8.0,163333.0,0.0,397512.0,0,1,0,8.0,0.0,1.7021990891903986,2.0,2,1.8510995445951992
138,W002,R001,Mechanical,Draw Works Failure,Equipment Wear,1,8.0,158333.0,0.0,394065.0,0,1,0,8.0,0.0,1.6874385781606955,2.0,2,1.8437192890803478
139,W021,R002,Logistics,Waiting on Materials,Port Congestion,1,8.0,153333.0,0.0,392444.0,0,1,0,8.0,0.0,1.6804972412360804,2.0,2,1.84024862061804
140,W016,R004,Weather,Strong Wind,Strong Wind,1,8.0,163333.0,0.0,392155.0,0,1,0,8.0,0.0,1.6792597049182434,2.0,2,1.8396298524591215
141,W006,R002,Logistics,Waiting on Cement,Customs Clearance,1,8.0,153333.0,0.0,385622.0,0,1,0,8.0,0.0,1.6512845327229868,2.0,2,1.8256422663614935
142,W016,R004,Mechanical,Generator Failure,Hydraulic Failure,1,8.0,163333.0,0.0,380304.0,0,1,0,8.0,0.0,1.6285121516217507,2.0,2,1.8142560758108752
143,W046,R003,Mechanical,Draw Works Failure,Hydraulic Failure,1,8.0,160000.0,0.0,378432.0,0,1,0,8.0,0.0,1.62049599941763,2.0,2,1.8102479997088148
144,W047,R004,Drilling,Hole Cleaning,Differential Sticking,1,8.0,163333.0,0.0,368858.0,0,1,0,8.0,0.0,1.5794988620232648,2.0,2,1.7897494310116322
145,W018,R004,Drilling,Hole Cleaning,Unexpected Pressure,1,8.0,163333.0,0.0,367762.0,0,1,0,8.0,0.0,1.574805644707177,2.0,2,1.7874028223535885
146,W041,R002,Drilling,Fishing Operation,Differential Sticking,1,8.0,153333.0,0.0,364022.0,0,1,0,8.0,0.0,1.5587904688292864,2.0,2,1.7793952344146433
147,W037,R002,Weather,Poor Visibility,Strong Wind,1,8.0,153333.0,0.0,358157.0,0,1,0,8.0,0.0,1.5336757612025942,2.0,2,1.766837880601297
148,W029,R002,Drilling,Lost Circulation,Differential Sticking,1,8.0,153333.0,0.0,354647.0,0,1,0,8.0,0.0,1.5186454758198678,2.0,2,1.7593227379099337
149,W042,R004,Drilling,Fishing Operation,Differential Sticking,1,8.0,163333.0,0.0,354540.0,0,1,0,8.0,0.0,1.518187287632987,2.0,2,1.7590936438164935
150,W022,R001,Logistics,Waiting on Materials,Port Congestion,1,8.0,158333.0,0.0,351618.0,0,1,0,8.0,0.0,1.5056748962118114,2.0,2,1.7528374481059057
151,W007,R001,Weather,Lightning,Storm,1,8.0,158333.0,0.0,351230.0,0,1,0,8.0,0.0,1.5040134287677949,2.0,2,1.7520067143838975
152,W037,R002,Drilling,Bit Failure,Unexpected Pressure,1,8.0,153333.0,0.0,350930.0,0,1,0,8.0,0.0,1.5027287889914935,2.0,2,1.7513643944957469
153,W050,R004,Drilling,Stuck Pipe,Formation Instability,1,8.0,163333.0,0.0,346314.0,0,1,0,8.0,0.0,1.4829624649668027,2.0,2,1.7414812324834013
154,W044,R003,Drilling,Lost Circulation,Unexpected Pressure,1,8.0,160000.0,0.0,345853.0,0,1,0,8.0,0.0,1.4809884018438864,2.0,2,1.740494200921943
155,W015,R003,Logistics,Waiting on Cement,Customs Clearance,1,6.0,120000.0,0.0,415691.0,0,1,0,6.0,0.0,1.7800439775016754,1.5,2,1.7400219887508377
156,W049,R003,Drilling,Fishing Operation,Bit Wear,1,6.0,120000.0,0.0,414858.0,0,1,0,6.0,0.0,1.7764769610561453,1.5,2,1.7382384805280724
157,W009,R001,Drilling,Lost Circulation,Differential Sticking,1,6.0,118750.0,0.0,409922.0,0,1,0,6.0,0.0,1.7553403546033997,1.5,2,1.7276701773016998
158,W033,R002,Weather,Poor Visibility,Lightning,1,8.0,153333.0,0.0,335675.0,0,1,0,8.0,0.0,1.4374048563665678,2.0,2,1.718702428183284
159,W008,R002,Drilling,Bit Failure,Unexpected Pressure,1,6.0,115000.0,0.0,401152.0,0,1,0,6.0,0.0,1.7177860518095223,1.5,2,1.7088930259047612
160,W013,R003,Drilling,Stuck Pipe,Differential Sticking,1,6.0,120000.0,0.0,398656.0,0,1,0,6.0,0.0,1.7070978488706945,1.5,2,1.703548924435347
161,W009,R001,Weather,Strong Wind,High Waves,1,6.0,118750.0,0.0,398600.0,0,1,0,6.0,0.0,1.706858049445785,1.5,2,1.7034290247228925
162,W023,R004,Drilling,Well Control,Unexpected Pressure,1,6.0,122500.0,0.0,397222.0,0,1,0,6.0,0.0,1.7009572707399738,1.5,2,1.7004786353699868
163,W015,R003,Drilling,Lost Circulation,Unexpected Pressure,1,8.0,160000.0,0.0,324904.0,0,1,0,8.0,0.0,1.39128200626476,2.0,2,1.6956410031323799
164,W019,R003,Logistics,Fuel Supply Delay,Late Supply Vessel,1,8.0,160000.0,0.0,323949.0,0,1,0,8.0,0.0,1.3871925696435339,2.0,2,1.693596284821767
165,W038,R004,Drilling,Well Control,Formation Instability,1,6.0,122500.0,0.0,393426.0,0,1,0,6.0,0.0,1.6847022954371735,1.5,2,1.6923511477185866
166,W030,R002,Mechanical,Power System Failure,Equipment Wear,1,8.0,153333.0,0.0,322359.0,0,1,0,8.0,0.0,1.3803839788291365,2.0,2,1.690191989414568
167,W049,R003,Mechanical,Top Drive Failure,OEM Defect,1,6.0,120000.0,0.0,390679.0,0,1,0,6.0,0.0,1.6729392772188405,1.5,2,1.6864696386094202
168,W046,R003,Logistics,Fuel Supply Delay,Customs Clearance,1,6.0,120000.0,0.0,390341.0,0,1,0,6.0,0.0,1.6714919164042077,1.5,2,1.6857459582021037
169,W013,R003,Weather,Strong Wind,Storm,1,8.0,160000.0,0.0,318983.0,0,1,0,8.0,0.0,1.365927499213158,2.0,2,1.682963749606579
170,W025,R004,Weather,High Waves,Strong Wind,1,6.0,122500.0,0.0,388120.0,0,1,0,6.0,0.0,1.6619812999269896,1.5,2,1.6809906499634946
171,W048,R002,Mechanical,Mud Pump Failure,Electrical Failure,1,6.0,115000.0,0.0,387813.0,0,1,0,6.0,0.0,1.6606666852225747,1.5,2,1.6803333426112874
172,W016,R004,Weather,Lightning,Strong Wind,1,6.0,122500.0,0.0,386746.0,0,1,0,6.0,0.0,1.6560976497515292,1.5,2,1.6780488248757646
173,W032,R004,Mechanical,Draw Works Failure,Electrical Failure,1,8.0,163333.0,0.0,316114.0,0,1,0,8.0,0.0,1.353642060819129,2.0,2,1.6768210304095645
174,W023,R004,Logistics,Waiting on Boat,Port Congestion,1,6.0,122500.0,0.0,380337.0,0,1,0,6.0,0.0,1.6286534619971438,1.5,2,1.6643267309985719
175,W012,R004,Logistics,Waiting on Boat,Port Congestion,1,6.0,122500.0,0.0,377721.0,0,1,0,6.0,0.0,1.6174514031477956,1.5,2,1.6587257015738976
176,W029,R002,Weather,Heavy Rain,Lightning,1,6.0,115000.0,0.0,377434.0,0,1,0,6.0,0.0,1.616222431095134,1.5,2,1.6581112155475668
177,W042,R004,Weather,Lightning,Lightning,1,6.0,122500.0,0.0,376650.0,0,1,0,6.0,0.0,1.6128652391463998,1.5,2,1.6564326195732
178,W023,R004,Personnel,Medical Evacuation,Medical Emergency,1,6.0,122500.0,0.0,376090.0,0,1,0,6.0,0.0,1.6104672448973039,1.5,2,1.6552336224486517
179,W024,R002,Mechanical,BOP Repair,Hydraulic Failure,1,8.0,153333.0,0.0,305734.0,0,1,0,8.0,0.0,1.3091935245591009,2.0,2,1.6545967622795503
180,W010,R002,Mechanical,Rotary Table Failure,Poor Preventive Maintenance,1,8.0,153333.0,0.0,305647.0,0,1,0,8.0,0.0,1.3088209790239735,2.0,2,1.6544104895119869
181,W038,R004,Drilling,Lost Circulation,Formation Instability,1,8.0,163333.0,0.0,305177.0,0,1,0,8.0,0.0,1.306808376707768,2.0,2,1.6534041883538841
182,W001,R004,Logistics,Fuel Supply Delay,Material Shortage,1,6.0,122500.0,0.0,373657.0,0,1,0,6.0,0.0,1.6000488163114994,1.5,2,1.6500244081557498
183,W013,R003,Drilling,Hole Cleaning,Differential Sticking,1,6.0,120000.0,0.0,373064.0,0,1,0,6.0,0.0,1.5975095116870104,1.5,2,1.648754755843505
184,W007,R001,Drilling,Hole Cleaning,Unexpected Pressure,1,8.0,158333.0,0.0,302682.0,0,1,0,8.0,0.0,1.2961244559015281,2.0,2,1.648062227950764
185,W046,R003,Weather,Strong Wind,Strong Wind,1,6.0,120000.0,0.0,370242.0,0,1,0,6.0,0.0,1.585425333524602,1.5,2,1.6427126667623009
186,W036,R002,Drilling,Well Control,Formation Instability,1,6.0,115000.0,0.0,368781.0,0,1,0,6.0,0.0,1.5791691378140142,1.5,2,1.639584568907007
187,W046,R003,Drilling,Fishing Operation,Unexpected Pressure,1,8.0,160000.0,0.0,297440.0,0,1,0,8.0,0.0,1.273677516876955,2.0,2,1.6368387584384774
188,W038,R004,Mechanical,BOP Repair,Electrical Failure,1,6.0,122500.0,0.0,366820.0,0,1,0,6.0,0.0,1.5707718758095908,1.5,2,1.6353859379047955
189,W015,R003,Mechanical,BOP Repair,Hydraulic Failure,1,6.0,120000.0,0.0,365352.0,0,1,0,6.0,0.0,1.5644857051708891,1.5,2,1.6322428525854447
190,W028,R002,Weather,High Waves,Lightning,1,6.0,115000.0,0.0,364425.0,0,1,0,6.0,0.0,1.5605161682621178,1.5,2,1.630258084131059
191,W043,R002,Drilling,Stuck Pipe,Differential Sticking,1,6.0,115000.0,0.0,363026.0,0,1,0,6.0,0.0,1.5545254647719657,1.5,2,1.627262732385983
192,W043,R002,Drilling,Stuck Pipe,Formation Instability,1,6.0,115000.0,0.0,362949.0,0,1,0,6.0,0.0,1.5541957405627151,1.5,2,1.6270978702813577
193,W041,R002,Mechanical,Power System Failure,Electrical Failure,1,6.0,115000.0,0.0,362320.0,0,1,0,6.0,0.0,1.5515022791650699,1.5,2,1.625751139582535
194,W038,R004,Weather,Lightning,Lightning,1,6.0,122500.0,0.0,359910.0,0,1,0,6.0,0.0,1.5411823396287818,1.5,2,1.6205911698143907
195,W017,R001,Mechanical,Top Drive Failure,Poor Preventive Maintenance,1,6.0,118750.0,0.0,358269.0,0,1,0,6.0,0.0,1.5341553600524134,1.5,2,1.6170776800262066
196,W048,R002,Drilling,Lost Circulation,Bit Wear,1,6.0,115000.0,0.0,356901.0,0,1,0,6.0,0.0,1.528297402672479,1.5,2,1.6141487013362394
197,W005,R002,Mechanical,Top Drive Failure,Equipment Wear,1,6.0,115000.0,0.0,356365.0,0,1,0,6.0,0.0,1.5260021796054872,1.5,2,1.6130010898027436
198,W017,R001,Personnel,Safety Stand Down,Crew Rotation,1,6.0,118750.0,0.0,355726.0,0,1,0,6.0,0.0,1.5232658968819652,1.5,2,1.6116329484409824
199,W029,R002,Logistics,Waiting on Materials,Material Shortage,1,6.0,115000.0,0.0,354219.0,0,1,0,6.0,0.0,1.5168127230723445,1.5,2,1.6084063615361721
200,W029,R002,Mechanical,Draw Works Failure,Hydraulic Failure,1,8.0,153333.0,0.0,283348.0,0,1,0,8.0,0.0,1.213333704451491,2.0,2,1.6066668522257452
201,W001,R004,Drilling,Well Control,Unexpected Pressure,1,6.0,122500.0,0.0,353029.0,0,1,0,6.0,0.0,1.5117169852930157,1.5,2,1.6058584926465076
202,W043,R002,Weather,Poor Visibility,Lightning,1,6.0,115000.0,0.0,351890.0,0,1,0,6.0,0.0,1.506839636275658,1.5,2,1.6034198181378287
203,W006,R002,Mechanical,Rotary Table Failure,Electrical Failure,1,6.0,115000.0,0.0,351864.0,0,1,0,6.0,0.0,1.5067283008283785,1.5,2,1.6033641504141891
204,W012,R004,Mechanical,Top Drive Failure,Equipment Wear,1,6.0,122500.0,0.0,348626.0,0,1,0,6.0,0.0,1.4928627555094989,1.5,2,1.5964313777547492
205,W044,R003,Weather,Poor Visibility,Strong Wind,1,6.0,120000.0,0.0,348519.0,0,1,0,6.0,0.0,1.492404567322618,1.5,2,1.596202283661309
206,W030,R002,Logistics,Waiting on Cement,Late Supply Vessel,1,6.0,115000.0,0.0,348024.0,0,1,0,6.0,0.0,1.4902849116917207,1.5,2,1.5951424558458602
207,W030,R002,Mechanical,BOP Repair,Electrical Failure,1,8.0,153333.0,0.0,276387.0,0,1,0,8.0,0.0,1.1835257795087109,2.0,2,1.5917628897543552
208,W010,R002,Mechanical,Generator Failure,Poor Preventive Maintenance,1,8.0,153333.0,0.0,275218.0,0,1,0,8.0,0.0,1.1785199665137231,2.0,2,1.5892599832568615
209,W010,R002,Drilling,Hole Cleaning,Differential Sticking,1,8.0,153333.0,0.0,274455.0,0,1,0,8.0,0.0,1.17525269934933,2.0,2,1.587626349674665
210,W013,R003,Weather,Heavy Rain,Strong Wind,1,6.0,120000.0,0.0,343619.0,0,1,0,6.0,0.0,1.4714221176430287,1.5,2,1.5857110588215142
211,W020,R003,Drilling,Fishing Operation,Differential Sticking,1,6.0,120000.0,0.0,343111.0,0,1,0,6.0,0.0,1.4692467942884915,1.5,2,1.5846233971442456
212,W033,R002,Drilling,Fishing Operation,Formation Instability,1,6.0,115000.0,0.0,340265.0,0,1,0,6.0,0.0,1.457059844943979,1.5,2,1.5785299224719895
213,W001,R004,Weather,High Waves,Strong Wind,1,8.0,163333.0,0.0,269187.0,0,1,0,8.0,0.0,1.1526944248774775,2.0,2,1.5763472124387388
214,W010,R002,Drilling,Lost Circulation,Formation Instability,1,6.0,115000.0,0.0,338747.0,0,1,0,6.0,0.0,1.450559567675894,1.5,2,1.575279783837947
215,W019,R003,Drilling,Stuck Pipe,Bit Wear,1,6.0,120000.0,0.0,337687.0,0,1,0,6.0,0.0,1.4460205071329624,1.5,2,1.5730102535664812
216,W005,R002,Weather,Heavy Rain,Storm,1,6.0,115000.0,0.0,337173.0,0,1,0,6.0,0.0,1.4438194909828994,1.5,2,1.5719097454914497
217,W040,R002,Weather,Heavy Rain,High Waves,1,6.0,115000.0,0.0,335006.0,0,1,0,6.0,0.0,1.4345401096654156,1.5,2,1.5672700548327079
218,W013,R003,Personnel,Safety Stand Down,Crew Rotation,1,8.0,160000.0,0.0,264847.0,0,1,0,8.0,0.0,1.134109969446984,2.0,2,1.5670549847234918
219,W013,R003,Drilling,Fishing Operation,Differential Sticking,1,8.0,160000.0,0.0,264193.0,0,1,0,8.0,0.0,1.131309454734647,2.0,2,1.5656547273673236
220,W001,R004,Weather,Lightning,Heavy Rain,1,6.0,122500.0,0.0,328268.0,0,1,0,6.0,0.0,1.4056871002896862,1.5,2,1.5528435501448432
221,W015,R003,Drilling,Hole Cleaning,Unexpected Pressure,1,6.0,120000.0,0.0,328139.0,0,1,0,6.0,0.0,1.4051347051858767,1.5,2,1.5525673525929382
222,W042,R004,Mechanical,Rotary Table Failure,Poor Preventive Maintenance,1,6.0,122500.0,0.0,326427.0,0,1,0,6.0,0.0,1.3978036941957834,1.5,2,1.5489018470978917
223,W046,R003,Mechanical,Mud Pump Failure,Hydraulic Failure,1,8.0,160000.0,0.0,256020.0,0,1,0,8.0,0.0,1.0963115850956093,2.0,2,1.5481557925478047
224,W021,R002,Mechanical,Mud Pump Failure,Electrical Failure,1,6.0,115000.0,0.0,322678.0,0,1,0,6.0,0.0,1.3817499791246037,1.5,2,1.540874989562302
225,W005,R002,Personnel,Medical Evacuation,Training Requirement,1,8.0,153333.0,0.0,250599.0,0,1,0,8.0,0.0,1.0730981443378431,2.0,2,1.5365490721689214
226,W047,R004,Drilling,Well Control,Bit Wear,1,6.0,122500.0,0.0,319465.0,0,1,0,6.0,0.0,1.3679914871204157,1.5,2,1.5339957435602076
227,W039,R002,Weather,Lightning,Strong Wind,1,6.0,115000.0,0.0,318939.0,0,1,0,6.0,0.0,1.3657390853793006,1.5,2,1.5328695426896504
228,W036,R002,Drilling,Lost Circulation,Differential Sticking,1,6.0,115000.0,0.0,317496.0,0,1,0,6.0,0.0,1.359559968055291,1.5,2,1.5297799840276456
229,W030,R002,Personnel,Safety Stand Down,Training Requirement,1,8.0,153333.0,0.0,245289.0,0,1,0,8.0,0.0,1.0503600202973085,2.0,2,1.5251800101486541
230,W003,R004,Mechanical,BOP Repair,Electrical Failure,1,6.0,122500.0,0.0,314241.0,0,1,0,6.0,0.0,1.3456216264824208,1.5,2,1.5228108132412101
231,W021,R002,Mechanical,Power System Failure,Hydraulic Failure,1,6.0,115000.0,0.0,311670.0,0,1,0,6.0,0.0,1.334612263599518,1.5,2,1.5173061317997587
232,W043,R002,Drilling,Lost Circulation,Unexpected Pressure,1,8.0,153333.0,0.0,239696.0,0,1,0,8.0,0.0,1.0264100527344628,2.0,2,1.5132050263672312
233,W028,R002,Weather,Strong Wind,Heavy Rain,1,6.0,115000.0,0.0,309047.0,0,1,0,6.0,0.0,1.323380229822056,1.5,2,1.511690114911028
234,W026,R004,Logistics,Waiting on Boat,Late Supply Vessel,1,6.0,122500.0,0.0,308615.0,0,1,0,6.0,0.0,1.321530348544182,1.5,2,1.5107651742720911
235,W040,R002,Logistics,Waiting on Cement,Port Congestion,1,6.0,115000.0,0.0,307955.0,0,1,0,6.0,0.0,1.318704141036319,1.5,2,1.5093520705181596
236,W002,R001,Drilling,Stuck Pipe,Unexpected Pressure,1,6.0,118750.0,0.0,307708.0,0,1,0,6.0,0.0,1.3176464542871642,1.5,2,1.5088232271435822
237,W008,R002,Drilling,Lost Circulation,Unexpected Pressure,1,8.0,153333.0,0.0,230791.0,0,1,0,8.0,0.0,0.9882776620412498,2.0,2,1.4941388310206247
238,W005,R002,Mechanical,Power System Failure,Electrical Failure,1,6.0,115000.0,0.0,300545.0,0,1,0,6.0,0.0,1.2869735385616745,1.5,2,1.4934867692808371
239,W003,R004,Mechanical,Power System Failure,Electrical Failure,1,6.0,122500.0,0.0,299870.0,0,1,0,6.0,0.0,1.2840830990649963,1.5,2,1.4920415495324981
240,W024,R002,Drilling,Lost Circulation,Differential Sticking,1,6.0,115000.0,0.0,299818.0,0,1,0,6.0,0.0,1.2838604281704376,1.5,2,1.4919302140852189
241,W050,R004,Logistics,Waiting on Cement,Material Shortage,1,6.0,122500.0,0.0,296528.0,0,1,0,6.0,0.0,1.2697722119569987,1.5,2,1.4848861059784992
242,W050,R004,Personnel,Medical Evacuation,Training Requirement,1,6.0,122500.0,0.0,295437.0,0,1,0,6.0,0.0,1.2651004053038495,1.5,2,1.4825502026519248
243,W043,R002,Mechanical,Draw Works Failure,Hydraulic Failure,1,6.0,115000.0,0.0,293383.0,0,1,0,6.0,0.0,1.2563049049687725,1.5,2,1.478152452484386
244,W033,R002,Mechanical,Generator Failure,Electrical Failure,1,6.0,115000.0,0.0,292855.0,0,1,0,6.0,0.0,1.254043938962482,1.5,2,1.4770219694812408
245,W021,R002,Drilling,Well Control,Formation Instability,1,6.0,115000.0,0.0,287490.0,0,1,0,6.0,0.0,1.2310702976296255,1.5,2,1.4655351488148125
246,W007,R001,Mechanical,Draw Works Failure,Hydraulic Failure,1,6.0,118750.0,0.0,283515.0,0,1,0,6.0,0.0,1.214048820593632,1.5,2,1.4570244102968157
247,W042,R004,Mechanical,Top Drive Failure,Hydraulic Failure,1,6.0,122500.0,0.0,282458.0,0,1,0,6.0,0.0,1.2095226064484634,1.5,2,1.4547613032242315
248,W025,R004,Drilling,Stuck Pipe,Bit Wear,1,6.0,122500.0,0.0,276785.0,0,1,0,6.0,0.0,1.185230068278604,1.5,2,1.442615034139302
249,W008,R002,Drilling,Fishing Operation,Formation Instability,1,6.0,115000.0,0.0,276085.0,0,1,0,6.0,0.0,1.1822325754672343,1.5,2,1.441116287733617
250,W017,R001,Logistics,Waiting on Cement,Late Supply Vessel,1,6.0,118750.0,0.0,273679.0,0,1,0,6.0,0.0,1.171929764461297,1.5,2,1.4359648822306483
251,W007,R001,Weather,Lightning,Lightning,1,6.0,118750.0,0.0,271006.0,0,1,0,6.0,0.0,1.1604836240544516,1.5,2,1.4302418120272256
252,W029,R002,Weather,Poor Visibility,Heavy Rain,1,6.0,115000.0,0.0,267059.0,0,1,0,6.0,0.0,1.143582046730913,1.5,2,1.4217910233654565
253,W025,R004,Drilling,Bit Failure,Differential Sticking,1,6.0,122500.0,0.0,267051.0,0,1,0,6.0,0.0,1.1435477896702115,1.5,2,1.4217738948351055
254,W036,R002,Drilling,Lost Circulation,Unexpected Pressure,1,6.0,115000.0,0.0,265140.0,0,1,0,6.0,0.0,1.1353646342951718,1.5,2,1.4176823171475856
255,W049,R003,Weather,Heavy Rain,Strong Wind,1,6.0,120000.0,0.0,263523.0,0,1,0,6.0,0.0,1.128440425900907,1.5,2,1.4142202129504535
256,W001,R004,Weather,High Waves,Lightning,1,6.0,122500.0,0.0,262341.0,0,1,0,6.0,0.0,1.1233789451822798,1.5,2,1.41168947259114
257,W020,R003,Logistics,Fuel Supply Delay,Customs Clearance,1,6.0,120000.0,0.0,261830.0,0,1,0,6.0,0.0,1.1211907754299797,1.5,2,1.4105953877149897
258,W025,R004,Drilling,Stuck Pipe,Unexpected Pressure,1,6.0,122500.0,0.0,261222.0,0,1,0,6.0,0.0,1.1185872388166755,1.5,2,1.4092936194083379
259,W006,R002,Mechanical,Mud Pump Failure,Hydraulic Failure,1,6.0,115000.0,0.0,260730.0,0,1,0,6.0,0.0,1.116480429583541,1.5,2,1.4082402147917703
260,W014,R004,Drilling,Fishing Operation,Unexpected Pressure,1,6.0,122500.0,0.0,257968.0,0,1,0,6.0,0.0,1.104653179376393,1.5,2,1.4023265896881965
261,W022,R001,Weather,Strong Wind,Heavy Rain,2,6.0,118749.0,0.0,257065.0,0,0,2,3.0,0.0,1.1007864136497258,1.5,2,1.4003932068248628
262,W022,R001,Weather,Poor Visibility,High Waves,1,6.0,118750.0,0.0,256971.0,0,1,0,6.0,0.0,1.1003838931864847,1.5,2,1.4001919465932424
263,W017,R001,Weather,Strong Wind,High Waves,1,6.0,118750.0,0.0,255196.0,0,1,0,6.0,0.0,1.092783107843368,1.5,2,1.396391553921684
264,W010,R002,Weather,Strong Wind,Storm,1,6.0,115000.0,0.0,254238.0,0,1,0,6.0,0.0,1.0886808248243791,1.5,2,1.3943404124121894
265,W019,R003,Drilling,Lost Circulation,Formation Instability,2,6.0,120000.0,0.0,252695.0,0,0,2,3.0,0.0,1.0820734942416022,1.5,2,1.391036747120801
266,W039,R002,Mechanical,Mud Pump Failure,Hydraulic Failure,1,6.0,115000.0,0.0,252040.0,0,1,0,6.0,0.0,1.0792686973966774,1.5,2,1.3896343486983387
267,W001,R004,Mechanical,Top Drive Failure,OEM Defect,1,6.0,122500.0,0.0,251369.0,0,1,0,6.0,0.0,1.07639538643035,1.5,2,1.388197693215175
268,W013,R003,Weather,Lightning,Lightning,1,6.0,120000.0,0.0,249874.0,0,1,0,6.0,0.0,1.0699935982117814,1.5,2,1.3849967991058907
269,W005,R002,Weather,Strong Wind,Strong Wind,1,6.0,115000.0,0.0,249376.0,0,1,0,6.0,0.0,1.0678610961831212,1.5,2,1.3839305480915605
270,W050,R004,Weather,High Waves,High Waves,1,6.0,122500.0,0.0,249092.0,0,1,0,6.0,0.0,1.0666449705282224,1.5,2,1.3833224852641113
271,W009,R001,Weather,Lightning,High Waves,1,6.0,118750.0,0.0,247670.0,0,1,0,6.0,0.0,1.060555777988554,1.5,2,1.3802778889942768
272,W048,R002,Drilling,Stuck Pipe,Differential Sticking,1,6.0,115000.0,0.0,244108.0,0,1,0,6.0,0.0,1.0453028217112685,1.5,2,1.3726514108556342
273,W018,R004,Mechanical,Top Drive Failure,Equipment Wear,1,6.0,122500.0,0.0,240057.0,0,1,0,6.0,0.0,1.0279559025986122,1.5,2,1.3639779512993062
274,W017,R001,Mechanical,Draw Works Failure,OEM Defect,1,6.0,118750.0,0.0,239454.0,0,1,0,6.0,0.0,1.0253737766482462,1.5,2,1.3626868883241232
275,W050,R004,Mechanical,Power System Failure,Equipment Wear,1,6.0,122500.0,0.0,239340.0,0,1,0,6.0,0.0,1.0248856135332518,1.5,2,1.3624428067666259
276,W022,R001,Logistics,Waiting on Materials,Material Shortage,1,6.0,118750.0,0.0,238864.0,0,1,0,6.0,0.0,1.0228473184215203,1.5,2,1.36142365921076
277,W036,R002,Weather,Strong Wind,Lightning,1,6.0,115000.0,0.0,238339.0,0,1,0,6.0,0.0,1.0205991988129928,1.5,2,1.3602995994064964
278,W040,R002,Drilling,Well Control,Formation Instability,2,6.0,114999.0,0.0,236926.0,0,0,2,3.0,0.0,1.0145485454666132,1.5,2,1.3572742727333065
279,W009,R001,Mechanical,Rotary Table Failure,Electrical Failure,1,6.0,118750.0,0.0,233378.0,0,1,0,6.0,0.0,0.9993555390455555,1.5,2,1.3496777695227777
280,W029,R002,Personnel,Crew Change,Medical Emergency,1,6.0,115000.0,0.0,232452.0,0,1,0,6.0,0.0,0.9953902842693718,1.5,2,1.3476951421346859
281,W019,R003,Logistics,Delayed Helicopter,Customs Clearance,1,6.0,120000.0,0.0,231527.0,0,1,0,6.0,0.0,0.9914293116257759,1.5,2,1.345714655812888
282,W009,R001,Logistics,Fuel Supply Delay,Customs Clearance,1,6.0,118750.0,0.0,229434.0,0,1,0,6.0,0.0,0.9824668081197798,1.5,2,1.3412334040598899
283,W027,R002,Logistics,Waiting on Materials,Late Supply Vessel,1,6.0,115000.0,0.0,227412.0,0,1,0,6.0,0.0,0.9738083360275084,1.5,2,1.3369041680137541
284,W036,R002,Drilling,Hole Cleaning,Differential Sticking,1,6.0,115000.0,0.0,226365.0,0,1,0,6.0,0.0,0.9693249432082166,1.5,2,1.3346624716041084
285,W044,R003,Drilling,Hole Cleaning,Formation Instability,1,6.0,120000.0,0.0,226088.0,0,1,0,6.0,0.0,0.9681387924814316,1.5,2,1.3340693962407157
286,W039,R002,Logistics,Waiting on Materials,Port Congestion,1,6.0,115000.0,0.0,224082.0,0,1,0,6.0,0.0,0.9595488345105629,1.5,2,1.3297744172552814
287,W003,R004,Personnel,Safety Stand Down,Training Requirement,1,6.0,122500.0,0.0,223591.0,0,1,0,6.0,0.0,0.9574463074100164,1.5,2,1.3287231537050082
288,W016,R004,Logistics,Waiting on Cement,Late Supply Vessel,1,6.0,122500.0,0.0,219124.0,0,1,0,6.0,0.0,0.9383180211408886,1.5,2,1.3191590105704443
289,W002,R001,Logistics,Fuel Supply Delay,Material Shortage,1,6.0,118750.0,0.0,216821.0,0,1,0,6.0,0.0,0.9284562697914815,1.5,2,1.3142281348957408
290,W003,R004,Logistics,Waiting on Boat,Material Shortage,2,6.0,122499.0,0.0,214671.0,0,0,2,3.0,0.0,0.9192496847279882,1.5,2,1.309624842363994
291,W011,R004,Personnel,Training,Crew Rotation,1,6.0,122500.0,0.0,213210.0,0,1,0,6.0,0.0,0.9129934890174004,1.5,2,1.3064967445087001
292,W038,R004,Mechanical,Rotary Table Failure,Hydraulic Failure,1,6.0,122500.0,0.0,210610.0,0,1,0,6.0,0.0,0.901859944289455,1.5,2,1.3009299721447274
293,W035,R003,Weather,High Waves,Heavy Rain,1,6.0,120000.0,0.0,208739.0,0,1,0,6.0,0.0,0.893848074217922,1.5,2,1.296924037108961
294,W009,R001,Mechanical,Top Drive Failure,Electrical Failure,1,6.0,118750.0,0.0,208334.0,0,1,0,6.0,0.0,0.8921138105199151,1.5,2,1.2960569052599575
295,W046,R003,Mechanical,Top Drive Failure,OEM Defect,1,6.0,120000.0,0.0,206494.0,0,1,0,6.0,0.0,0.8842346865585999,1.5,2,1.2921173432792998
296,W021,R002,Mechanical,Draw Works Failure,Hydraulic Failure,1,6.0,115000.0,0.0,205497.0,0,1,0,6.0,0.0,0.8799654003686916,1.5,2,1.2899827001843458
297,W021,R002,Drilling,Lost Circulation,Formation Instability,1,6.0,115000.0,0.0,205381.0,0,1,0,6.0,0.0,0.8794686729885217,1.5,2,1.2897343364942608
298,W028,R002,Drilling,Lost Circulation,Unexpected Pressure,1,6.0,115000.0,0.0,202189.0,0,1,0,6.0,0.0,0.8658001057686749,1.5,2,1.2829000528843375
299,W046,R003,Weather,Poor Visibility,Heavy Rain,1,6.0,120000.0,0.0,201245.0,0,1,0,6.0,0.0,0.8617577726059132,1.5,2,1.2808788863029568
300,W016,R004,Mechanical,Top Drive Failure,Electrical Failure,1,6.0,122500.0,0.0,201020.0,0,1,0,6.0,0.0,0.8607942927736871,1.5,2,1.2803971463868435
301,W017,R001,Drilling,Bit Failure,Formation Instability,1,6.0,118750.0,0.0,200527.0,0,1,0,6.0,0.0,0.8586832014079652,1.5,2,1.2793416007039826
302,W032,R004,Mechanical,Rotary Table Failure,Electrical Failure,1,6.0,122500.0,0.0,199332.0,0,1,0,6.0,0.0,0.853566052965698,1.5,2,1.2767830264828488
303,W032,R004,Weather,Heavy Rain,Strong Wind,1,6.0,122500.0,0.0,198391.0,0,1,0,6.0,0.0,0.8495365662006993,1.5,2,1.2747682831003497
304,W011,R004,Mechanical,Top Drive Failure,Equipment Wear,1,6.0,122500.0,0.0,195544.0,0,1,0,6.0,0.0,0.8373453347235991,1.5,2,1.2686726673617996
305,W021,R002,Weather,Strong Wind,Strong Wind,1,6.0,115000.0,0.0,195176.0,0,1,0,6.0,0.0,0.835769509931336,1.5,2,1.267884754965668
306,W043,R002,Drilling,Well Control,Unexpected Pressure,2,6.0,114999.0,0.0,189940.0,0,0,2,3.0,0.0,0.813348263702289,1.5,2,1.2566741318511445
307,W020,R003,Drilling,Lost Circulation,Bit Wear,1,6.0,120000.0,0.0,189661.0,0,1,0,6.0,0.0,0.8121535487103287,1.5,2,1.2560767743551642
308,W040,R002,Weather,High Waves,Heavy Rain,1,6.0,115000.0,0.0,189637.0,0,1,0,6.0,0.0,0.8120507775282246,1.5,2,1.2560253887641122
309,W030,R002,Drilling,Well Control,Formation Instability,1,6.0,115000.0,0.0,189266.0,0,1,0,6.0,0.0,0.8104621063381986,1.5,2,1.255231053169099
310,W045,R004,Logistics,Waiting on Materials,Material Shortage,1,6.0,122500.0,0.0,187378.0,0,1,0,6.0,0.0,0.8023774400126751,1.5,2,1.2511887200063376
311,W012,R004,Mechanical,Power System Failure,Equipment Wear,1,6.0,122500.0,0.0,186232.0,0,1,0,6.0,0.0,0.7974701160672037,1.5,2,1.2487350580336019
312,W048,R002,Weather,High Waves,High Waves,1,6.0,115000.0,0.0,185319.0,0,1,0,6.0,0.0,0.7935605290146599,1.5,2,1.24678026450733
313,W030,R002,Logistics,Waiting on Cement,Material Shortage,1,6.0,115000.0,0.0,184074.0,0,1,0,6.0,0.0,0.7882292739430091,1.5,2,1.2441146369715046
314,W002,R001,Mechanical,Mud Pump Failure,OEM Defect,1,6.0,118750.0,0.0,183652.0,0,1,0,6.0,0.0,0.7864222139910118,1.5,2,1.2432111069955059
315,W049,R003,Logistics,Fuel Supply Delay,Late Supply Vessel,1,6.0,120000.0,0.0,180226.0,0,1,0,6.0,0.0,0.7717516277456499,1.5,2,1.2358758138728247
316,W018,R004,Drilling,Fishing Operation,Formation Instability,2,4.0,81666.0,0.0,226194.0,0,0,2,2.0,0.0,0.9685926985357247,1.0,2,1.1842963492678624
317,W018,R004,Weather,Heavy Rain,Storm,1,4.0,81666.0,0.0,283956.0,0,0,1,4.0,0.0,1.215937241064795,1.0,1,1.1079686205323975
318,W003,R004,Mechanical,Power System Failure,Hydraulic Failure,1,4.0,81666.0,0.0,280600.0,0,0,1,4.0,0.0,1.2015664041005703,1.0,1,1.100783202050285
319,W014,R004,Mechanical,Draw Works Failure,Electrical Failure,1,4.0,81666.0,0.0,280449.0,0,0,1,4.0,0.0,1.2009198020798317,1.0,1,1.1004599010399159
320,W001,R004,Logistics,Delayed Helicopter,Material Shortage,1,4.0,81666.0,0.0,280384.0,0,0,1,4.0,0.0,1.2006414634616331,1.0,1,1.1003207317308166
321,W046,R003,Logistics,Delayed Helicopter,Customs Clearance,1,4.0,80000.0,0.0,279919.0,0,0,1,4.0,0.0,1.198650271808366,1.0,1,1.099325135904183
322,W038,R004,Weather,Heavy Rain,Lightning,1,4.0,81666.0,0.0,276806.0,0,0,1,4.0,0.0,1.1853199930629452,1.0,1,1.0926599965314725
323,W016,R004,Weather,Heavy Rain,Heavy Rain,1,4.0,81666.0,0.0,274281.0,0,0,1,4.0,0.0,1.174507608279075,1.0,1,1.0872538041395374
324,W013,R003,Drilling,Lost Circulation,Bit Wear,2,4.0,80000.0,0.0,180757.0,0,0,2,2.0,0.0,0.7740254401497033,1.0,2,1.0870127200748518
325,W047,R004,Weather,Heavy Rain,Lightning,1,4.0,81666.0,0.0,272479.0,0,0,1,4.0,0.0,1.1667912053560914,1.0,1,1.0833956026780456
326,W023,R004,Mechanical,Draw Works Failure,OEM Defect,1,4.0,81666.0,0.0,271009.0,0,0,1,4.0,0.0,1.1604964704522147,1.0,1,1.0802482352261074
327,W003,R004,Logistics,Waiting on Boat,Customs Clearance,1,4.0,81666.0,0.0,270012.0,0,0,1,4.0,0.0,1.1562271842623064,1.0,1,1.078113592131153
328,W041,R002,Drilling,Hole Cleaning,Formation Instability,2,4.0,76666.0,0.0,176566.0,0,0,2,2.0,0.0,0.7560790224747729,1.0,2,1.0780395112373866
329,W031,R002,Weather,High Waves,Heavy Rain,1,4.0,76666.0,0.0,268307.0,0,0,1,4.0,0.0,1.1489261482003268,1.0,1,1.0744630741001633
330,W045,R004,Mechanical,BOP Repair,Poor Preventive Maintenance,1,4.0,81666.0,0.0,267913.0,0,0,1,4.0,0.0,1.1472389879607843,1.0,1,1.073619493980392
331,W001,R004,Drilling,Hole Cleaning,Unexpected Pressure,1,4.0,81666.0,0.0,267388.0,0,0,1,4.0,0.0,1.1449908683522567,1.0,1,1.0724954341761284
332,W023,R004,Drilling,Fishing Operation,Bit Wear,1,4.0,81666.0,0.0,267293.0,0,0,1,4.0,0.0,1.1445840657564281,1.0,1,1.072292032878214
333,W026,R004,Mechanical,Mud Pump Failure,Equipment Wear,1,4.0,81666.0,0.0,266940.0,0,0,1,4.0,0.0,1.14307247295298,1.0,1,1.07153623647649
334,W032,R004,Weather,High Waves,Lightning,1,4.0,81666.0,0.0,266498.0,0,0,1,4.0,0.0,1.1411797703492292,1.0,1,1.0705898851746145
335,W034,R001,Logistics,Waiting on Materials,Late Supply Vessel,1,4.0,79166.0,0.0,266485.0,0,0,1,4.0,0.0,1.1411241026255896,1.0,1,1.0705620513127947
336,W013,R003,Weather,Heavy Rain,High Waves,1,4.0,80000.0,0.0,265590.0,0,0,1,4.0,0.0,1.1372915939596238,1.0,1,1.0686457969798118
337,W038,R004,Drilling,Hole Cleaning,Formation Instability,1,4.0,81666.0,0.0,264755.0,0,0,1,4.0,0.0,1.1337160132489181,1.0,1,1.066858006624459
338,W049,R003,Logistics,Waiting on Boat,Port Congestion,1,4.0,80000.0,0.0,263601.0,0,0,1,4.0,0.0,1.1287744322427455,1.0,1,1.0643872161213728
339,W029,R002,Drilling,Hole Cleaning,Bit Wear,1,4.0,76666.0,0.0,262057.0,0,0,1,4.0,0.0,1.122162819527381,1.0,1,1.0610814097636905
340,W009,R001,Mechanical,Top Drive Failure,Equipment Wear,1,4.0,79166.0,0.0,261526.0,0,0,1,4.0,0.0,1.1198890071233276,1.0,1,1.0599445035616637
341,W005,R002,Drilling,Hole Cleaning,Formation Instability,1,4.0,76666.0,0.0,260558.0,0,0,1,4.0,0.0,1.1157439027784617,1.0,1,1.0578719513892307
342,W046,R003,Weather,Poor Visibility,Strong Wind,1,4.0,80000.0,0.0,254948.0,0,0,1,4.0,0.0,1.0917211389616257,1.0,1,1.0458605694808127
343,W002,R001,Logistics,Fuel Supply Delay,Customs Clearance,1,4.0,79166.0,0.0,252878.0,0,0,1,4.0,0.0,1.0828571245051462,1.0,1,1.041428562252573
344,W032,R004,Weather,Lightning,High Waves,1,4.0,81666.0,0.0,252729.0,0,0,1,4.0,0.0,1.0822190867495831,1.0,1,1.0411095433747914
345,W021,R002,Mechanical,BOP Repair,Poor Preventive Maintenance,1,4.0,76666.0,0.0,250433.0,0,0,1,4.0,0.0,1.0723873103282897,1.0,1,1.0361936551641449
346,W030,R002,Mechanical,Top Drive Failure,Electrical Failure,1,4.0,76666.0,0.0,250300.0,0,0,1,4.0,0.0,1.0718177866941294,1.0,1,1.0359088933470646
347,W015,R003,Drilling,Stuck Pipe,Bit Wear,1,4.0,80000.0,0.0,248562.0,0,0,1,4.0,0.0,1.0643754402567567,1.0,1,1.0321877201283782
348,W016,R004,Logistics,Waiting on Boat,Late Supply Vessel,1,4.0,81666.0,0.0,247415.0,0,0,1,4.0,0.0,1.0594638341786977,1.0,1,1.0297319170893489
349,W028,R002,Weather,Lightning,Storm,1,4.0,76666.0,0.0,246589.0,0,0,1,4.0,0.0,1.0559267926612812,1.0,1,1.0279633963306405
350,W006,R002,Logistics,Delayed Helicopter,Material Shortage,1,4.0,76666.0,0.0,245667.0,0,0,1,4.0,0.0,1.0519786664154482,1.0,1,1.0259893332077241
351,W010,R002,Drilling,Stuck Pipe,Differential Sticking,1,4.0,76666.0,0.0,245327.0,0,0,1,4.0,0.0,1.05052274133564,1.0,1,1.02526137066782
352,W038,R004,Drilling,Hole Cleaning,Unexpected Pressure,1,4.0,81666.0,0.0,243632.0,0,0,1,4.0,0.0,1.043264526599537,1.0,1,1.0216322632997685
353,W033,R002,Logistics,Fuel Supply Delay,Material Shortage,1,4.0,76666.0,0.0,242362.0,0,0,1,4.0,0.0,1.0378262182131945,1.0,1,1.0189131091065973
354,W013,R003,Logistics,Waiting on Cement,Customs Clearance,1,4.0,80000.0,0.0,239783.0,0,0,1,4.0,0.0,1.0267825982695902,1.0,1,1.013391299134795
355,W005,R002,Weather,Lightning,Lightning,1,4.0,76666.0,0.0,237631.0,0,0,1,4.0,0.0,1.0175674489409217,1.0,1,1.0087837244704607
356,W037,R002,Mechanical,Generator Failure,Equipment Wear,1,4.0,76666.0,0.0,236497.0,0,0,1,4.0,0.0,1.0127115105865023,1.0,1,1.0063557552932512
357,W020,R003,Drilling,Hole Cleaning,Differential Sticking,1,4.0,80000.0,0.0,236404.0,0,0,1,4.0,0.0,1.0123132722558488,1.0,1,1.0061566361279244
358,W028,R002,Drilling,Fishing Operation,Formation Instability,1,4.0,76666.0,0.0,235966.0,0,0,1,4.0,0.0,1.0104376981824488,1.0,1,1.0052188490912244
359,W014,R004,Mechanical,Power System Failure,Electrical Failure,1,4.0,81666.0,0.0,235789.0,0,0,1,4.0,0.0,1.009679760714431,1.0,1,1.0048398803572154
360,W006,R002,Drilling,Fishing Operation,Differential Sticking,1,4.0,76666.0,0.0,234076.0,0,0,1,4.0,0.0,1.00234446759175,1.0,1,1.001172233795875
361,W001,R004,Logistics,Waiting on Materials,Late Supply Vessel,1,4.0,81666.0,0.0,233679.0,0,0,1,4.0,0.0,1.0006444609544445,1.0,1,1.0003222304772221
362,W028,R002,Logistics,Delayed Helicopter,Customs Clearance,1,4.0,76666.0,0.0,231017.0,0,0,1,4.0,0.0,0.9892454240060635,1.0,1,0.9946227120030318
363,W036,R002,Drilling,Lost Circulation,Formation Instability,1,4.0,76666.0,0.0,230562.0,0,0,1,4.0,0.0,0.987297053678673,1.0,1,0.9936485268393365
364,W036,R002,Mechanical,Generator Failure,OEM Defect,1,4.0,76666.0,0.0,229210.0,0,0,1,4.0,0.0,0.9815076104201415,1.0,1,0.9907538052100706
365,W047,R004,Mechanical,Draw Works Failure,Electrical Failure,1,4.0,81666.0,0.0,228588.0,0,0,1,4.0,0.0,0.9788441239506099,1.0,1,0.9894220619753049
366,W016,R004,Weather,Poor Visibility,Heavy Rain,1,4.0,81666.0,0.0,228301.0,0,0,1,4.0,0.0,0.9776151518979482,1.0,1,0.9888075759489741
367,W015,R003,Logistics,Fuel Supply Delay,Late Supply Vessel,1,4.0,80000.0,0.0,227308.0,0,0,1,4.0,0.0,0.9733629942383906,1.0,1,0.9866814971191953
368,W010,R002,Drilling,Well Control,Formation Instability,1,4.0,76666.0,0.0,227306.0,0,0,1,4.0,0.0,0.9733544299732153,1.0,1,0.9866772149866077
369,W005,R002,Logistics,Delayed Helicopter,Late Supply Vessel,1,4.0,76666.0,0.0,227272.0,0,0,1,4.0,0.0,0.9732088374652345,1.0,1,0.9866044187326173
370,W040,R002,Personnel,Crew Change,Medical Emergency,1,4.0,76666.0,0.0,227010.0,0,0,1,4.0,0.0,0.9720869187272646,1.0,1,0.9860434593636322
371,W025,R004,Drilling,Well Control,Formation Instability,1,4.0,81666.0,0.0,226267.0,0,0,1,4.0,0.0,0.9689052942146248,1.0,1,0.9844526471073123
372,W029,R002,Drilling,Well Control,Unexpected Pressure,1,4.0,76666.0,0.0,225101.0,0,0,1,4.0,0.0,0.9639123276174,1.0,1,0.9819561638087
373,W010,R002,Drilling,Lost Circulation,Bit Wear,1,4.0,76666.0,0.0,223254.0,0,0,1,4.0,0.0,0.956003228727971,1.0,1,0.9780016143639856
374,W020,R003,Mechanical,Power System Failure,Poor Preventive Maintenance,1,4.0,80000.0,0.0,223184.0,0,0,1,4.0,0.0,0.9557034794468341,1.0,1,0.977851739723417
375,W009,R001,Weather,Heavy Rain,Lightning,1,4.0,79166.0,0.0,223095.0,0,0,1,4.0,0.0,0.9553223696465314,1.0,1,0.9776611848232657
376,W038,R004,Weather,High Waves,Storm,1,4.0,81666.0,0.0,222759.0,0,0,1,4.0,0.0,0.9538835730970738,1.0,1,0.9769417865485368
377,W018,R004,Weather,Heavy Rain,Heavy Rain,1,4.0,81666.0,0.0,220055.0,0,0,1,4.0,0.0,0.9423046865800105,1.0,1,0.9711523432900053
378,W006,R002,Logistics,Delayed Helicopter,Late Supply Vessel,1,4.0,76666.0,0.0,218960.0,0,0,1,4.0,0.0,0.9376157513965105,1.0,1,0.9688078756982552
379,W002,R001,Weather,Poor Visibility,Heavy Rain,1,4.0,79166.0,0.0,216632.0,0,0,1,4.0,0.0,0.9276469467324117,1.0,1,0.9638234733662059
380,W018,R004,Weather,Strong Wind,High Waves,1,4.0,81666.0,0.0,211880.0,0,0,1,4.0,0.0,0.9072982526757976,1.0,1,0.9536491263378988
381,W044,R003,Drilling,Well Control,Bit Wear,1,4.0,80000.0,0.0,210288.0,0,0,1,4.0,0.0,0.9004810975962249,1.0,1,0.9502405487981125
382,W024,R002,Drilling,Stuck Pipe,Differential Sticking,1,4.0,76666.0,0.0,209014.0,0,0,1,4.0,0.0,0.8950256606795316,1.0,1,0.9475128303397657
383,W025,R004,Weather,Heavy Rain,Storm,1,4.0,81666.0,0.0,208670.0,0,0,1,4.0,0.0,0.8935526070693727,1.0,1,0.9467763035346863
384,W011,R004,Drilling,Lost Circulation,Unexpected Pressure,1,4.0,81666.0,0.0,208640.0,0,0,1,4.0,0.0,0.8934241430917426,1.0,1,0.9467120715458712
385,W015,R003,Logistics,Waiting on Cement,Late Supply Vessel,1,4.0,80000.0,0.0,207428.0,0,0,1,4.0,0.0,0.8882341983954849,1.0,1,0.9441170991977423
386,W017,R001,Drilling,Fishing Operation,Formation Instability,1,4.0,79166.0,0.0,206993.0,0,0,1,4.0,0.0,0.8863714707198479,1.0,1,0.943185735359924
387,W048,R002,Weather,Poor Visibility,Lightning,1,4.0,76666.0,0.0,206860.0,0,0,1,4.0,0.0,0.8858019470856876,1.0,1,0.9429009735428437
388,W040,R002,Drilling,Lost Circulation,Formation Instability,1,4.0,76666.0,0.0,206224.0,0,0,1,4.0,0.0,0.8830785107599287,1.0,1,0.9415392553799644
389,W048,R002,Mechanical,Top Drive Failure,Poor Preventive Maintenance,1,4.0,76666.0,0.0,206039.0,0,0,1,4.0,0.0,0.8822863162312095,1.0,1,0.9411431581156047
390,W001,R004,Weather,High Waves,High Waves,1,4.0,81666.0,0.0,205920.0,0,0,1,4.0,0.0,0.8817767424532765,1.0,1,0.9408883712266383
391,W031,R002,Logistics,Waiting on Materials,Customs Clearance,1,4.0,76666.0,0.0,205597.0,0,0,1,4.0,0.0,0.8803936136274587,1.0,1,0.9401968068137294
392,W050,R004,Drilling,Stuck Pipe,Unexpected Pressure,1,4.0,81666.0,0.0,204393.0,0,0,1,4.0,0.0,0.8752379259919025,1.0,1,0.9376189629959513
393,W034,R001,Weather,Poor Visibility,Storm,1,4.0,79166.0,0.0,203881.0,0,0,1,4.0,0.0,0.8730454741070148,1.0,1,0.9365227370535074
394,W037,R002,Drilling,Fishing Operation,Unexpected Pressure,1,4.0,76666.0,0.0,202954.0,0,0,1,4.0,0.0,0.8690759371982435,1.0,1,0.9345379685991217
395,W018,R004,Mechanical,Generator Failure,Equipment Wear,1,4.0,81666.0,0.0,202951.0,0,0,1,4.0,0.0,0.8690630908004805,1.0,1,0.9345315454002403
396,W013,R003,Mechanical,BOP Repair,Equipment Wear,1,4.0,80000.0,0.0,202873.0,0,0,1,4.0,0.0,0.868729084458642,1.0,1,0.934364542229321
397,W049,R003,Logistics,Waiting on Boat,Customs Clearance,1,4.0,80000.0,0.0,201829.0,0,0,1,4.0,0.0,0.8642585380371133,1.0,1,0.9321292690185565
398,W033,R002,Weather,Poor Visibility,High Waves,1,4.0,76666.0,0.0,201521.0,0,0,1,4.0,0.0,0.8629396412001105,1.0,1,0.9314698206000551
399,W003,R004,Weather,Strong Wind,Strong Wind,1,4.0,81666.0,0.0,200830.0,0,0,1,4.0,0.0,0.8599806875820296,1.0,1,0.9299903437910149
400,W022,R001,Weather,Strong Wind,Strong Wind,1,4.0,79166.0,0.0,200001.0,0,0,1,4.0,0.0,0.8564307996668501,1.0,1,0.928215399833425
401,W040,R002,Drilling,Bit Failure,Unexpected Pressure,1,4.0,76666.0,0.0,199028.0,0,0,1,4.0,0.0,0.8522642846590459,1.0,1,0.926132142329523
402,W012,R004,Drilling,Fishing Operation,Formation Instability,1,4.0,81666.0,0.0,198068.0,0,0,1,4.0,0.0,0.8481534373748815,1.0,1,0.9240767186874408
403,W046,R003,Drilling,Hole Cleaning,Bit Wear,1,4.0,80000.0,0.0,197922.0,0,0,1,4.0,0.0,0.8475282460170814,1.0,1,0.9237641230085407
404,W004,R002,Weather,Heavy Rain,Heavy Rain,1,4.0,76666.0,0.0,196795.0,0,0,1,4.0,0.0,0.8427022825907758,1.0,1,0.9213511412953879
405,W007,R001,Drilling,Hole Cleaning,Differential Sticking,1,4.0,79166.0,0.0,194738.0,0,0,1,4.0,0.0,0.8338939358579359,1.0,1,0.9169469679289679
406,W023,R004,Mechanical,Top Drive Failure,OEM Defect,1,4.0,81666.0,0.0,194473.0,0,0,1,4.0,0.0,0.8327591707222031,1.0,1,0.9163795853611014
407,W013,R003,Drilling,Fishing Operation,Formation Instability,1,4.0,80000.0,0.0,193231.0,0,0,1,4.0,0.0,0.8274407620483153,1.0,1,0.9137203810241576
408,W031,R002,Drilling,Lost Circulation,Differential Sticking,1,4.0,76666.0,0.0,191843.0,0,0,1,4.0,0.0,0.8214971620166275,1.0,1,0.9107485810083138
409,W050,R004,Weather,High Waves,Storm,1,4.0,81666.0,0.0,191816.0,0,0,1,4.0,0.0,0.8213815444367604,1.0,1,0.9106907722183801
410,W001,R004,Weather,Lightning,Storm,1,4.0,81666.0,0.0,190528.0,0,0,1,4.0,0.0,0.8158661576638397,1.0,1,0.9079330788319198
411,W011,R004,Weather,Poor Visibility,Heavy Rain,1,4.0,81666.0,0.0,188970.0,0,0,1,4.0,0.0,0.8091945950922479,1.0,1,0.9045972975461238
412,W036,R002,Drilling,Bit Failure,Unexpected Pressure,1,4.0,76666.0,0.0,188959.0,0,0,1,4.0,0.0,0.8091474916337834,1.0,1,0.9045737458168917
413,W008,R002,Drilling,Bit Failure,Differential Sticking,1,4.0,76666.0,0.0,188472.0,0,0,1,4.0,0.0,0.8070620930635876,1.0,1,0.9035310465317938
414,W020,R003,Drilling,Bit Failure,Formation Instability,1,4.0,80000.0,0.0,187175.0,0,0,1,4.0,0.0,0.8015081670973778,1.0,1,0.9007540835486889
415,W034,R001,Mechanical,Top Drive Failure,Electrical Failure,1,4.0,79166.0,0.0,187135.0,0,0,1,4.0,0.0,0.801336881793871,1.0,1,0.9006684408969354
416,W048,R002,Drilling,Well Control,Unexpected Pressure,1,4.0,76666.0,0.0,186275.0,0,0,1,4.0,0.0,0.7976542477684736,1.0,1,0.8988271238842367
417,W006,R002,Logistics,Waiting on Materials,Port Congestion,1,4.0,76666.0,0.0,184211.0,0,0,1,4.0,0.0,0.78881592610752,1.0,1,0.89440796305376
418,W033,R002,Drilling,Lost Circulation,Formation Instability,1,4.0,76666.0,0.0,183968.0,0,0,1,4.0,0.0,0.7877753678887159,1.0,1,0.8938876839443579
419,W037,R002,Drilling,Stuck Pipe,Unexpected Pressure,1,4.0,76666.0,0.0,183498.0,0,0,1,4.0,0.0,0.7857627655725105,1.0,1,0.8928813827862552
420,W010,R002,Weather,Strong Wind,Strong Wind,1,4.0,76666.0,0.0,180761.0,0,0,1,4.0,0.0,0.774042568680054,1.0,1,0.8870212843400269
421,W011,R004,Weather,Lightning,Storm,1,4.0,81666.0,0.0,180053.0,0,0,1,4.0,0.0,0.7710108188079827,1.0,1,0.8855054094039914
422,W041,R002,Drilling,Well Control,Unexpected Pressure,1,4.0,76666.0,0.0,179258.0,0,0,1,4.0,0.0,0.7676065234007841,1.0,1,0.8838032617003919
423,W031,R002,Drilling,Stuck Pipe,Formation Instability,1,4.0,76666.0,0.0,177665.0,0,0,1,4.0,0.0,0.7607850861886236,1.0,1,0.8803925430943118
424,W029,R002,Weather,Strong Wind,High Waves,1,4.0,76666.0,0.0,177302.0,0,0,1,4.0,0.0,0.759230672059299,1.0,1,0.8796153360296495
425,W005,R002,Logistics,Waiting on Materials,Material Shortage,1,4.0,76666.0,0.0,176722.0,0,0,1,4.0,0.0,0.7567470351584497,1.0,1,0.8783735175792249
426,W031,R002,Personnel,Safety Stand Down,Training Requirement,1,4.0,76666.0,0.0,176480.0,0,0,1,4.0,0.0,0.7557107590722332,1.0,1,0.8778553795361166
427,W032,R004,Personnel,Safety Stand Down,Training Requirement,1,4.0,81666.0,0.0,175762.0,0,0,1,4.0,0.0,0.7526361878742851,1.0,1,0.8763180939371424
428,W015,R003,Drilling,Fishing Operation,Formation Instability,1,4.0,80000.0,0.0,173447.0,0,0,1,4.0,0.0,0.7427230509338261,1.0,1,0.8713615254669129
429,W010,R002,Mechanical,Rotary Table Failure,Electrical Failure,1,4.0,76666.0,0.0,173329.0,0,0,1,4.0,0.0,0.7422177592884809,1.0,1,0.8711088796442403
430,W001,R004,Mechanical,Rotary Table Failure,Poor Preventive Maintenance,1,4.0,81666.0,0.0,172374.0,0,0,1,4.0,0.0,0.7381283226672547,1.0,1,0.8690641613336274
431,W040,R002,Weather,High Waves,Lightning,1,4.0,76666.0,0.0,172335.0,0,0,1,4.0,0.0,0.7379613194963356,1.0,1,0.8689806597481677
432,W040,R002,Mechanical,Draw Works Failure,Equipment Wear,1,4.0,76666.0,0.0,172131.0,0,0,1,4.0,0.0,0.7370877644484506,1.0,1,0.8685438822242253
433,W046,R003,Drilling,Stuck Pipe,Formation Instability,1,4.0,80000.0,0.0,171574.0,0,0,1,4.0,0.0,0.7347026165971177,1.0,1,0.8673513082985589
434,W031,R002,Drilling,Bit Failure,Differential Sticking,1,4.0,76666.0,0.0,170469.0,0,0,1,4.0,0.0,0.7299708600877409,1.0,1,0.8649854300438704
435,W046,R003,Mechanical,Top Drive Failure,Poor Preventive Maintenance,1,4.0,80000.0,0.0,169940.0,0,0,1,4.0,0.0,0.7277056119488627,1.0,1,0.8638528059744313
436,W025,R004,Mechanical,BOP Repair,Hydraulic Failure,1,4.0,81666.0,0.0,168452.0,0,0,1,4.0,0.0,0.7213337986584079,1.0,1,0.8606668993292039
437,W004,R002,Weather,Lightning,High Waves,1,4.0,76666.0,0.0,168104.0,0,0,1,4.0,0.0,0.7198436165178982,1.0,1,0.859921808258949
438,W018,R004,Drilling,Well Control,Unexpected Pressure,1,4.0,81666.0,0.0,167982.0,0,0,1,4.0,0.0,0.7193211963422024,1.0,1,0.8596605981711012
439,W001,R004,Drilling,Fishing Operation,Differential Sticking,1,4.0,81666.0,0.0,167369.0,0,0,1,4.0,0.0,0.7166962490659599,1.0,1,0.8583481245329798
440,W008,R002,Mechanical,BOP Repair,OEM Defect,1,4.0,76666.0,0.0,167299.0,0,0,1,4.0,0.0,0.7163964997848228,1.0,1,0.8581982498924114
441,W036,R002,Drilling,Hole Cleaning,Unexpected Pressure,1,4.0,76666.0,0.0,162475.0,0,0,1,4.0,0.0,0.6957394921818965,1.0,1,0.8478697460909481
442,W048,R002,Mechanical,BOP Repair,Equipment Wear,1,4.0,76666.0,0.0,161709.0,0,0,1,4.0,0.0,0.6924593786197402,1.0,1,0.84622968930987
443,W047,R004,Drilling,Fishing Operation,Unexpected Pressure,1,4.0,81666.0,0.0,159637.0,0,0,1,4.0,0.0,0.6835867998980852,1.0,1,0.8417933999490426
444,W014,R004,Mechanical,Rotary Table Failure,Equipment Wear,1,4.0,81666.0,0.0,159432.0,0,0,1,4.0,0.0,0.6827089627176126,1.0,1,0.8413544813588063
445,W047,R004,Mechanical,Mud Pump Failure,Poor Preventive Maintenance,1,4.0,81666.0,0.0,159193.0,0,0,1,4.0,0.0,0.6816855330291591,1.0,1,0.8408427665145795
446,W028,R002,Personnel,Crew Change,Training Requirement,1,4.0,76666.0,0.0,156113.0,0,0,1,4.0,0.0,0.6684965646591315,1.0,1,0.8342482823295658
447,W034,R001,Drilling,Bit Failure,Formation Instability,1,4.0,79166.0,0.0,155786.0,0,0,1,4.0,0.0,0.667096307302963,1.0,1,0.8335481536514815
448,W036,R002,Mechanical,BOP Repair,Equipment Wear,1,4.0,76666.0,0.0,155480.0,0,0,1,4.0,0.0,0.6657859747311357,1.0,1,0.8328929873655677
449,W023,R004,Mechanical,Draw Works Failure,Electrical Failure,1,4.0,81666.0,0.0,153062.0,0,0,1,4.0,0.0,0.6554317781341463,1.0,1,0.827715889067073
450,W029,R002,Mechanical,Top Drive Failure,Hydraulic Failure,1,4.0,76666.0,0.0,151036.0,0,0,1,4.0,0.0,0.6467561775115243,1.0,1,0.823378088755762
451,W020,R003,Weather,Heavy Rain,High Waves,1,4.0,80000.0,0.0,150919.0,0,0,1,4.0,0.0,0.6462551679987667,1.0,1,0.8231275839993832
452,W008,R002,Weather,Poor Visibility,High Waves,1,4.0,76666.0,0.0,150303.0,0,0,1,4.0,0.0,0.6436173743247612,1.0,1,0.8218086871623806
453,W043,R002,Logistics,Waiting on Materials,Customs Clearance,1,4.0,76666.0,0.0,149184.0,0,0,1,4.0,0.0,0.6388256679591571,1.0,1,0.8194128339795785
454,W009,R001,Mechanical,Draw Works Failure,OEM Defect,1,4.0,79166.0,0.0,148071.0,0,0,1,4.0,0.0,0.6340596543890789,1.0,1,0.8170298271945393
455,W024,R002,Drilling,Well Control,Differential Sticking,1,4.0,76666.0,0.0,146747.0,0,0,1,4.0,0.0,0.628390110843002,1.0,1,0.814195055421501
456,W042,R004,Drilling,Lost Circulation,Bit Wear,1,4.0,81666.0,0.0,145991.0,0,0,1,4.0,0.0,0.6251528186067226,1.0,1,0.8125764093033612
457,W036,R002,Mechanical,Draw Works Failure,OEM Defect,1,4.0,76666.0,0.0,144589.0,0,0,1,4.0,0.0,0.6191492687188074,1.0,1,0.8095746343594037
458,W005,R002,Drilling,Stuck Pipe,Bit Wear,1,4.0,76666.0,0.0,144530.0,0,0,1,4.0,0.0,0.6188966228961348,1.0,1,0.8094483114480673
459,W037,R002,Mechanical,Top Drive Failure,Poor Preventive Maintenance,1,4.0,76666.0,0.0,144441.0,0,0,1,4.0,0.0,0.618515513095832,1.0,1,0.809257756547916
460,W012,R004,Mechanical,Rotary Table Failure,Electrical Failure,1,4.0,81666.0,0.0,143739.0,0,0,1,4.0,0.0,0.6155094560192867,1.0,1,0.8077547280096433
461,W044,R003,Logistics,Fuel Supply Delay,Material Shortage,1,4.0,80000.0,0.0,143153.0,0,0,1,4.0,0.0,0.6130001263229113,1.0,1,0.8065000631614556
462,W023,R004,Personnel,Safety Stand Down,Medical Emergency,1,4.0,81666.0,0.0,142506.0,0,0,1,4.0,0.0,0.610229586538688,1.0,1,0.8051147932693439
463,W014,R004,Logistics,Waiting on Cement,Port Congestion,1,4.0,81666.0,0.0,141854.0,0,0,1,4.0,0.0,0.6074376360915263,1.0,1,0.8037188180457631
464,W011,R004,Weather,Poor Visibility,Strong Wind,1,4.0,81666.0,0.0,141714.0,0,0,1,4.0,0.0,0.6068381375292523,1.0,1,0.8034190687646261
465,W006,R002,Logistics,Waiting on Cement,Late Supply Vessel,1,4.0,76666.0,0.0,141640.0,0,0,1,4.0,0.0,0.6065212597177646,1.0,1,0.8032606298588822
466,W039,R002,Weather,Poor Visibility,Lightning,1,4.0,76666.0,0.0,140133.0,0,0,1,4.0,0.0,0.600068085908144,1.0,1,0.800034042954072
467,W007,R001,Weather,Strong Wind,High Waves,1,4.0,79166.0,0.0,139762.0,0,0,1,4.0,0.0,0.5984794147181179,1.0,1,0.7992397073590589
468,W043,R002,Weather,Lightning,Heavy Rain,1,4.0,76666.0,0.0,137929.0,0,0,1,4.0,0.0,0.5906302656849164,1.0,1,0.7953151328424581
469,W038,R004,Mechanical,Power System Failure,Poor Preventive Maintenance,1,4.0,81666.0,0.0,137523.0,0,0,1,4.0,0.0,0.5888917198543219,1.0,1,0.7944458599271609
470,W023,R004,Drilling,Well Control,Bit Wear,1,4.0,81666.0,0.0,136897.0,0,0,1,4.0,0.0,0.5862111048544396,1.0,1,0.7931055524272197
471,W026,R004,Drilling,Stuck Pipe,Unexpected Pressure,1,4.0,81666.0,0.0,136703.0,0,0,1,4.0,0.0,0.5853803711324314,1.0,1,0.7926901855662156
472,W036,R002,Logistics,Delayed Helicopter,Port Congestion,1,4.0,76666.0,0.0,135576.0,0,0,1,4.0,0.0,0.5805544077061258,1.0,1,0.7902772038530628
473,W041,R002,Mechanical,Power System Failure,Poor Preventive Maintenance,1,4.0,76666.0,0.0,135471.0,0,0,1,4.0,0.0,0.5801047837844203,1.0,1,0.7900523918922102
474,W004,R002,Drilling,Lost Circulation,Formation Instability,1,4.0,76666.0,0.0,134547.0,0,0,1,4.0,0.0,0.576148093273412,1.0,1,0.788074046636706
475,W034,R001,Mechanical,Draw Works Failure,Electrical Failure,1,4.0,79166.0,0.0,134403.0,0,0,1,4.0,0.0,0.5755314661807873,1.0,1,0.7877657330903935
476,W019,R003,Drilling,Hole Cleaning,Bit Wear,1,4.0,80000.0,0.0,132250.0,0,0,1,4.0,0.0,0.5663120347195311,1.0,1,0.7831560173597656
477,W033,R002,Mechanical,Generator Failure,Equipment Wear,1,4.0,76666.0,0.0,131948.0,0,0,1,4.0,0.0,0.5650188306780543,1.0,1,0.7825094153390271
478,W037,R002,Weather,Poor Visibility,Lightning,1,4.0,76666.0,0.0,131766.0,0,0,1,4.0,0.0,0.5642394825470981,1.0,1,0.782119741273549
479,W007,R001,Logistics,Fuel Supply Delay,Material Shortage,1,4.0,79166.0,0.0,131673.0,0,0,1,4.0,0.0,0.5638412442164447,1.0,1,0.7819206221082222
480,W011,R004,Logistics,Fuel Supply Delay,Customs Clearance,1,4.0,81666.0,0.0,129748.0,0,0,1,4.0,0.0,0.5555981389851774,1.0,1,0.7777990694925887
481,W030,R002,Drilling,Fishing Operation,Unexpected Pressure,1,4.0,76666.0,0.0,128909.0,0,0,1,4.0,0.0,0.5520054297441211,1.0,1,0.7760027148720605
482,W034,R001,Mechanical,Rotary Table Failure,Equipment Wear,1,4.0,79166.0,0.0,124894.0,0,0,1,4.0,0.0,0.5348126674046209,1.0,1,0.7674063337023105
483,W039,R002,Drilling,Bit Failure,Differential Sticking,1,4.0,76666.0,0.0,123759.0,0,0,1,4.0,0.0,0.5299524469176139,1.0,1,0.7649762234588069
484,W009,R001,Drilling,Bit Failure,Formation Instability,1,4.0,79166.0,0.0,122835.0,0,0,1,4.0,0.0,0.5259957564066056,1.0,1,0.7629978782033027
485,W006,R002,Weather,High Waves,Lightning,1,4.0,76666.0,0.0,122479.0,0,0,1,4.0,0.0,0.5244713172053946,1.0,1,0.7622356586026973
486,W024,R002,Weather,Poor Visibility,High Waves,1,4.0,76666.0,0.0,121607.0,0,0,1,4.0,0.0,0.5207372975889453,1.0,1,0.7603686487944725
487,W039,R002,Logistics,Waiting on Materials,Material Shortage,1,4.0,76666.0,0.0,121282.0,0,0,1,4.0,0.0,0.5193456044979521,1.0,1,0.759672802248976
488,W031,R002,Mechanical,Top Drive Failure,Electrical Failure,1,4.0,76666.0,0.0,120706.0,0,0,1,4.0,0.0,0.5168790961274534,1.0,1,0.7584395480637267
489,W031,R002,Weather,Poor Visibility,Strong Wind,1,4.0,76666.0,0.0,117715.0,0,0,1,4.0,0.0,0.5040712375577285,1.0,1,0.7520356187788642
490,W028,R002,Weather,Strong Wind,Storm,1,4.0,76666.0,0.0,117708.0,0,0,1,4.0,0.0,0.5040412626296148,1.0,1,0.7520206313148075
491,W027,R002,Mechanical,Generator Failure,Poor Preventive Maintenance,1,4.0,76666.0,0.0,115317.0,0,0,1,4.0,0.0,0.4938026836124927,1.0,1,0.7469013418062462
492,W001,R004,Logistics,Fuel Supply Delay,Customs Clearance,1,2.0,40833.0,0.0,142279.0,0,0,1,2.0,0.0,0.6092575424412866,0.5,1,0.6546287712206433
493,W012,R004,Logistics,Waiting on Cement,Customs Clearance,1,2.0,40833.0,0.0,141074.0,0,0,1,2.0,0.0,0.6040975726731427,0.5,1,0.6520487863365714
494,W032,R004,Logistics,Delayed Helicopter,Late Supply Vessel,1,2.0,40833.0,0.0,140291.0,0,0,1,2.0,0.0,0.600744662856996,0.5,1,0.6503723314284979
495,W014,R004,Personnel,Medical Evacuation,Training Requirement,1,2.0,40833.0,0.0,139078.0,0,0,1,2.0,0.0,0.5955504360281507,0.5,1,0.6477752180140754
496,W014,R004,Weather,Heavy Rain,High Waves,1,2.0,40833.0,0.0,138869.0,0,0,1,2.0,0.0,0.5946554703173275,0.5,1,0.6473277351586637
497,W046,R003,Drilling,Bit Failure,Differential Sticking,1,2.0,40000.0,0.0,138735.0,0,0,1,2.0,0.0,0.5940816645505794,0.5,1,0.6470408322752896
498,W003,R004,Mechanical,Power System Failure,Equipment Wear,1,2.0,40833.0,0.0,135824.0,0,0,1,2.0,0.0,0.5816163765878682,0.5,1,0.640808188293934
499,W001,R004,Drilling,Lost Circulation,Differential Sticking,1,2.0,40833.0,0.0,135366.0,0,0,1,2.0,0.0,0.5796551598627149,0.5,1,0.6398275799313575
500,W009,R001,Weather,High Waves,Lightning,1,2.0,39583.0,0.0,133215.0,0,0,1,2.0,0.0,0.5704442926666339,0.5,1,0.635222146333317
501,W030,R002,Mechanical,Power System Failure,Poor Preventive Maintenance,1,2.0,38333.0,0.0,132716.0,0,0,1,2.0,0.0,0.5683075085053858,0.5,1,0.6341537542526929
502,W020,R003,Mechanical,BOP Repair,OEM Defect,1,2.0,40000.0,0.0,132216.0,0,0,1,2.0,0.0,0.5661664422115502,0.5,1,0.6330832211057751
503,W036,R002,Logistics,Waiting on Boat,Customs Clearance,1,2.0,38333.0,0.0,132125.0,0,0,1,2.0,0.0,0.5657767681460721,0.5,1,0.6328883840730362
504,W050,R004,Mechanical,Rotary Table Failure,Poor Preventive Maintenance,1,2.0,40833.0,0.0,132117.0,0,0,1,2.0,0.0,0.5657425110853708,0.5,1,0.6328712555426854
505,W020,R003,Weather,Lightning,Heavy Rain,1,2.0,40000.0,0.0,131903.0,0,0,1,2.0,0.0,0.564826134711609,0.5,1,0.6324130673558046
506,W016,R004,Weather,Heavy Rain,Lightning,1,2.0,40833.0,0.0,131381.0,0,0,1,2.0,0.0,0.5625908615008447,0.5,1,0.6312954307504224
507,W006,R002,Weather,Poor Visibility,Lightning,1,2.0,38333.0,0.0,130889.0,0,0,1,2.0,0.0,0.5604840522677104,0.5,1,0.6302420261338553
508,W036,R002,Mechanical,Mud Pump Failure,OEM Defect,1,2.0,38333.0,0.0,129733.0,0,0,1,2.0,0.0,0.5555339069963623,0.5,1,0.6277669534981811
509,W039,R002,Logistics,Delayed Helicopter,Customs Clearance,1,2.0,38333.0,0.0,129244.0,0,0,1,2.0,0.0,0.5534399441609911,0.5,1,0.6267199720804955
510,W010,R002,Logistics,Waiting on Materials,Late Supply Vessel,1,2.0,38333.0,0.0,128233.0,0,0,1,2.0,0.0,0.5491107081148554,0.5,1,0.6245553540574278
511,W044,R003,Logistics,Delayed Helicopter,Late Supply Vessel,1,2.0,40000.0,0.0,128171.0,0,0,1,2.0,0.0,0.5488452158944197,0.5,1,0.6244226079472099
512,W004,R002,Mechanical,Top Drive Failure,Electrical Failure,1,2.0,38333.0,0.0,128096.0,0,0,1,2.0,0.0,0.5485240559503444,0.5,1,0.6242620279751723
513,W023,R004,Mechanical,Mud Pump Failure,Hydraulic Failure,1,2.0,40833.0,0.0,127813.0,0,0,1,2.0,0.0,0.5473122124280334,0.5,1,0.6236561062140167
514,W021,R002,Weather,Lightning,Lightning,1,2.0,38333.0,0.0,126923.0,0,0,1,2.0,0.0,0.5435011144250059,0.5,1,0.621750557212503
515,W047,R004,Drilling,Bit Failure,Bit Wear,1,2.0,40833.0,0.0,125483.0,0,0,1,2.0,0.0,0.5373348434987593,0.5,1,0.6186674217493797
516,W049,R003,Drilling,Well Control,Bit Wear,1,2.0,40000.0,0.0,125472.0,0,0,1,2.0,0.0,0.5372877400402949,0.5,1,0.6186438700201475
517,W044,R003,Drilling,Bit Failure,Formation Instability,1,2.0,40000.0,0.0,125034.0,0,0,1,2.0,0.0,0.5354121659668948,0.5,1,0.6177060829834473
518,W007,R001,Personnel,Training,Training Requirement,1,2.0,39583.0,0.0,124993.0,0,0,1,2.0,0.0,0.5352365985308003,0.5,1,0.6176182992654002
519,W024,R002,Drilling,Bit Failure,Unexpected Pressure,1,2.0,38333.0,0.0,124705.0,0,0,1,2.0,0.0,0.534003344345551,0.5,1,0.6170016721727756
520,W024,R002,Mechanical,BOP Repair,Poor Preventive Maintenance,1,2.0,38333.0,0.0,124400.0,0,0,1,2.0,0.0,0.5326972939063113,0.5,1,0.6163486469531556
521,W027,R002,Drilling,Stuck Pipe,Formation Instability,1,2.0,38333.0,0.0,123601.0,0,0,1,2.0,0.0,0.5292758699687619,0.5,1,0.6146379349843809
522,W043,R002,Mechanical,Power System Failure,Electrical Failure,1,2.0,38333.0,0.0,123019.0,0,0,1,2.0,0.0,0.5267836688027372,0.5,1,0.6133918344013687
523,W028,R002,Mechanical,Top Drive Failure,Hydraulic Failure,1,2.0,38333.0,0.0,121900.0,0,0,1,2.0,0.0,0.521991962437133,0.5,1,0.6109959812185666
524,W007,R001,Mechanical,Generator Failure,Equipment Wear,1,2.0,39583.0,0.0,121891.0,0,0,1,2.0,0.0,0.5219534232438439,0.5,1,0.610976711621922
525,W020,R003,Mechanical,Mud Pump Failure,Electrical Failure,1,2.0,40000.0,0.0,121266.0,0,0,1,2.0,0.0,0.5192770903765493,0.5,1,0.6096385451882746
526,W033,R002,Mechanical,Rotary Table Failure,Electrical Failure,1,2.0,38333.0,0.0,120946.0,0,0,1,2.0,0.0,0.5179068079484945,0.5,1,0.6089534039742472
527,W004,R002,Drilling,Bit Failure,Differential Sticking,1,2.0,38333.0,0.0,120431.0,0,0,1,2.0,0.0,0.5157015096658438,0.5,1,0.607850754832922
528,W020,R003,Mechanical,Draw Works Failure,Poor Preventive Maintenance,1,2.0,40000.0,0.0,119766.0,0,0,1,2.0,0.0,0.5128538914950423,0.5,1,0.6064269457475211
529,W033,R002,Mechanical,Draw Works Failure,Equipment Wear,1,2.0,38333.0,0.0,119555.0,0,0,1,2.0,0.0,0.5119503615190437,0.5,1,0.605975180759522
530,W001,R004,Weather,Heavy Rain,High Waves,1,2.0,40833.0,0.0,119417.0,0,0,1,2.0,0.0,0.511359427221945,0.5,1,0.6056797136109726
531,W021,R002,Personnel,Medical Evacuation,Training Requirement,1,2.0,38333.0,0.0,117564.0,0,0,1,2.0,0.0,0.5034246355369901,0.5,1,0.6017123177684951
532,W021,R002,Mechanical,Power System Failure,OEM Defect,1,2.0,38333.0,0.0,117131.0,0,0,1,2.0,0.0,0.5015704721265285,0.5,1,0.6007852360632642
533,W034,R001,Logistics,Waiting on Boat,Material Shortage,1,2.0,39583.0,0.0,115246.0,0,0,1,2.0,0.0,0.49349865219876804,0.5,1,0.596749326099384
534,W008,R002,Weather,Lightning,Lightning,1,2.0,38333.0,0.0,114759.0,0,0,1,2.0,0.0,0.4914132536285721,0.5,1,0.5957066268142861
535,W013,R003,Drilling,Bit Failure,Formation Instability,1,2.0,40000.0,0.0,114203.0,0,0,1,2.0,0.0,0.48903238790982684,0.5,1,0.5945161939549135
536,W047,R004,Weather,Strong Wind,Storm,1,2.0,40833.0,0.0,113946.0,0,0,1,2.0,0.0,0.4879318798347953,0.5,1,0.5939659399173977
537,W038,R004,Weather,High Waves,Heavy Rain,1,2.0,40833.0,0.0,113013.0,0,0,1,2.0,0.0,0.48393665013049797,0.5,1,0.591968325065249
538,W020,R003,Drilling,Stuck Pipe,Differential Sticking,1,2.0,40000.0,0.0,112937.0,0,0,1,2.0,0.0,0.48361120805383495,0.5,1,0.5918056040269175
539,W006,R002,Weather,Lightning,Lightning,1,2.0,38333.0,0.0,112358.0,0,0,1,2.0,0.0,0.4811318532855733,0.5,1,0.5905659266427867
540,W018,R004,Weather,Heavy Rain,Strong Wind,1,2.0,40833.0,0.0,112208.0,0,0,1,2.0,0.0,0.48048953339742256,0.5,1,0.5902447666987113
541,W011,R004,Mechanical,Rotary Table Failure,Hydraulic Failure,1,2.0,40833.0,0.0,112088.0,0,0,1,2.0,0.0,0.479975677486902,0.5,1,0.589987838743451
542,W001,R004,Mechanical,BOP Repair,Electrical Failure,1,2.0,40833.0,0.0,111750.0,0,0,1,2.0,0.0,0.47852831667226914,0.5,1,0.5892641583361347
543,W033,R002,Weather,Heavy Rain,Storm,1,2.0,38333.0,0.0,111129.0,0,0,1,2.0,0.0,0.47586911233532525,0.5,1,0.5879345561676625
544,W020,R003,Personnel,Medical Evacuation,Training Requirement,1,2.0,40000.0,0.0,111032.0,0,0,1,2.0,0.0,0.4754537454743211,0.5,1,0.5877268727371605
545,W027,R002,Weather,High Waves,Heavy Rain,1,2.0,38333.0,0.0,110408.0,0,0,1,2.0,0.0,0.47278169473961423,0.5,1,0.5863908473698072
546,W040,R002,Mechanical,Mud Pump Failure,OEM Defect,1,2.0,38333.0,0.0,110322.0,0,0,1,2.0,0.0,0.4724134313370745,0.5,1,0.5862067156685373
547,W035,R003,Drilling,Well Control,Unexpected Pressure,1,2.0,40000.0,0.0,109853.0,0,0,1,2.0,0.0,0.4704051111534566,0.5,1,0.5852025555767284
548,W002,R001,Drilling,Hole Cleaning,Unexpected Pressure,1,2.0,39583.0,0.0,109837.0,0,0,1,2.0,0.0,0.4703365970320539,0.5,1,0.5851682985160269
549,W041,R002,Weather,Heavy Rain,High Waves,1,2.0,38333.0,0.0,109410.0,0,0,1,2.0,0.0,0.46850812641711825,0.5,1,0.5842540632085591
550,W009,R001,Weather,Poor Visibility,Storm,1,2.0,39583.0,0.0,109193.0,0,0,1,2.0,0.0,0.46757890364559357,0.5,1,0.5837894518227968
551,W012,R004,Logistics,Waiting on Materials,Customs Clearance,1,2.0,40833.0,0.0,108387.0,0,0,1,2.0,0.0,0.4641275047799305,0.5,1,0.5820637523899652
552,W045,R004,Logistics,Fuel Supply Delay,Late Supply Vessel,1,2.0,40833.0,0.0,107844.0,0,0,1,2.0,0.0,0.461802306784825,0.5,1,0.5809011533924124
553,W031,R002,Drilling,Stuck Pipe,Differential Sticking,1,2.0,38333.0,0.0,107351.0,0,0,1,2.0,0.0,0.459691215419103,0.5,1,0.5798456077095515
554,W005,R002,Weather,Poor Visibility,Storm,1,2.0,38333.0,0.0,107345.0,0,0,1,2.0,0.0,0.459665522623577,0.5,1,0.5798327613117885
555,W028,R002,Weather,Strong Wind,Strong Wind,1,2.0,38333.0,0.0,106649.0,0,0,1,2.0,0.0,0.45668515834255774,0.5,1,0.5783425791712788
556,W019,R003,Drilling,Lost Circulation,Bit Wear,1,2.0,40000.0,0.0,105954.0,0,0,1,2.0,0.0,0.4537090761941262,0.5,1,0.5768545380970631
557,W036,R002,Logistics,Fuel Supply Delay,Late Supply Vessel,1,2.0,38333.0,0.0,105491.0,0,0,1,2.0,0.0,0.4517264488060344,0.5,1,0.5758632244030173
558,W024,R002,Drilling,Stuck Pipe,Formation Instability,1,2.0,38333.0,0.0,104971.0,0,0,1,2.0,0.0,0.4494997398604453,0.5,1,0.5747498699302227
559,W008,R002,Personnel,Safety Stand Down,Training Requirement,1,2.0,38333.0,0.0,104829.0,0,0,1,2.0,0.0,0.448891677032996,0.5,1,0.574445838516498
560,W013,R003,Logistics,Waiting on Cement,Material Shortage,1,2.0,40000.0,0.0,104200.0,0,0,1,2.0,0.0,0.4461982156353507,0.5,1,0.5730991078176754
561,W007,R001,Drilling,Stuck Pipe,Formation Instability,1,2.0,39583.0,0.0,103679.0,0,0,1,2.0,0.0,0.44396722455717397,0.5,1,0.5719836122785871
562,W033,R002,Weather,Lightning,High Waves,1,2.0,38333.0,0.0,103360.0,0,0,1,2.0,0.0,0.44260122426170684,0.5,1,0.5713006121308535
563,W025,R004,Weather,High Waves,Storm,1,2.0,40833.0,0.0,103332.0,0,0,1,2.0,0.0,0.44248132454925204,0.5,1,0.571240662274626
564,W022,R001,Weather,High Waves,Strong Wind,1,2.0,39583.0,0.0,102905.0,0,0,1,2.0,0.0,0.44065285393431636,0.5,1,0.5703264269671582
565,W001,R004,Logistics,Waiting on Cement,Material Shortage,1,2.0,40833.0,0.0,101688.0,0,0,1,2.0,0.0,0.4354414985751204,0.5,1,0.5677207492875602
566,W044,R003,Weather,Strong Wind,Storm,1,2.0,40000.0,0.0,101338.0,0,0,1,2.0,0.0,0.4339427521694354,0.5,1,0.5669713760847177
567,W043,R002,Personnel,Crew Change,Medical Emergency,1,2.0,38333.0,0.0,100926.0,0,0,1,2.0,0.0,0.4321785135433148,0.5,1,0.5660892567716573
568,W047,R004,Drilling,Lost Circulation,Unexpected Pressure,1,2.0,40833.0,0.0,100507.0,0,0,1,2.0,0.0,0.43038429998908057,0.5,1,0.5651921499945403
569,W027,R002,Weather,Poor Visibility,Storm,1,2.0,38333.0,0.0,99970.0,0,0,1,2.0,0.0,0.42808479478950107,0.5,1,0.5640423973947506
570,W012,R004,Logistics,Delayed Helicopter,Customs Clearance,1,2.0,40833.0,0.0,98690.0,0,0,1,2.0,0.0,0.4226036650772818,0.5,1,0.561301832538641
571,W035,R003,Drilling,Fishing Operation,Bit Wear,1,2.0,40000.0,0.0,98559.0,0,0,1,2.0,0.0,0.42204270570829683,0.5,1,0.5610213528541483
572,W008,R002,Logistics,Waiting on Cement,Late Supply Vessel,1,2.0,38333.0,0.0,97761.0,0,0,1,2.0,0.0,0.41862556390333516,0.5,1,0.5593127819516677
573,W034,R001,Mechanical,Top Drive Failure,Equipment Wear,1,2.0,39583.0,0.0,96881.0,0,0,1,2.0,0.0,0.41485728722618437,0.5,1,0.5574286436130922
574,W045,R004,Mechanical,Generator Failure,Poor Preventive Maintenance,1,2.0,40833.0,0.0,96310.0,0,0,1,2.0,0.0,0.4124121895186241,0.5,1,0.556206094759312
575,W043,R002,Mechanical,Top Drive Failure,Poor Preventive Maintenance,1,2.0,38333.0,0.0,96050.0,0,0,1,2.0,0.0,0.41129883504582954,0.5,1,0.5556494175229147
576,W017,R001,Drilling,Stuck Pipe,Formation Instability,1,2.0,39583.0,0.0,95282.0,0,0,1,2.0,0.0,0.408010157218498,0.5,1,0.554005078609249
577,W038,R004,Logistics,Delayed Helicopter,Port Congestion,1,2.0,40833.0,0.0,94826.0,0,0,1,2.0,0.0,0.4060575047585198,0.5,1,0.5530287523792599
578,W030,R002,Drilling,Hole Cleaning,Unexpected Pressure,1,2.0,38333.0,0.0,94704.0,0,0,1,2.0,0.0,0.40553508458282395,0.5,1,0.552767542291412
579,W006,R002,Mechanical,Mud Pump Failure,Electrical Failure,1,2.0,38333.0,0.0,94282.0,0,0,1,2.0,0.0,0.40372802463082663,0.5,1,0.5518640123154133
580,W015,R003,Personnel,Safety Stand Down,Training Requirement,1,2.0,40000.0,0.0,93981.0,0,0,1,2.0,0.0,0.40243910272193756,0.5,1,0.5512195513609688
581,W020,R003,Mechanical,Rotary Table Failure,Equipment Wear,1,2.0,40000.0,0.0,92909.0,0,0,1,2.0,0.0,0.39784865658795393,0.5,1,0.548924328293977
582,W031,R002,Mechanical,BOP Repair,Poor Preventive Maintenance,1,2.0,38333.0,0.0,92820.0,0,0,1,2.0,0.0,0.39746754678765117,0.5,1,0.5487337733938256
583,W022,R001,Weather,Lightning,Lightning,1,2.0,39583.0,0.0,92269.0,0,0,1,2.0,0.0,0.3951080917318443,0.5,1,0.5475540458659222
584,W029,R002,Drilling,Hole Cleaning,Differential Sticking,1,2.0,38333.0,0.0,91943.0,0,0,1,2.0,0.0,0.39371211650826343,0.5,1,0.5468560582541317
585,W044,R003,Logistics,Delayed Helicopter,Port Congestion,1,2.0,40000.0,0.0,91341.0,0,0,1,2.0,0.0,0.39113427269048534,0.5,1,0.5455671363452427
586,W003,R004,Mechanical,Draw Works Failure,Hydraulic Failure,1,2.0,40833.0,0.0,90997.0,0,0,1,2.0,0.0,0.38966121908032636,0.5,1,0.5448306095401632
587,W039,R002,Personnel,Safety Stand Down,Crew Rotation,1,2.0,38333.0,0.0,90635.0,0,0,1,2.0,0.0,0.3881110870835894,0.5,1,0.5440555435417946
588,W042,R004,Logistics,Delayed Helicopter,Late Supply Vessel,1,2.0,40833.0,0.0,90373.0,0,0,1,2.0,0.0,0.38698916834561947,0.5,1,0.5434945841728098
589,W005,R002,Weather,Strong Wind,Storm,1,2.0,38333.0,0.0,89808.0,0,0,1,2.0,0.0,0.3845697634335852,0.5,1,0.5422848817167927
590,W025,R004,Mechanical,Top Drive Failure,OEM Defect,1,2.0,40833.0,0.0,89522.0,0,0,1,2.0,0.0,0.3833450735135112,0.5,1,0.5416725367567556
591,W017,R001,Drilling,Well Control,Bit Wear,1,2.0,39583.0,0.0,89388.0,0,0,1,2.0,0.0,0.38277126774676323,0.5,1,0.5413856338733816
592,W026,R004,Mechanical,Draw Works Failure,Electrical Failure,1,2.0,40833.0,0.0,89263.0,0,0,1,2.0,0.0,0.3822360011733043,0.5,1,0.5411180005866522
593,W013,R003,Mechanical,Generator Failure,Poor Preventive Maintenance,1,2.0,40000.0,0.0,88341.0,0,0,1,2.0,0.0,0.3782878749274714,0.5,1,0.5391439374637357
594,W043,R002,Drilling,Fishing Operation,Bit Wear,1,2.0,38333.0,0.0,88055.0,0,0,1,2.0,0.0,0.3770631850073974,0.5,1,0.5385315925036986
595,W008,R002,Logistics,Waiting on Boat,Late Supply Vessel,1,2.0,38333.0,0.0,86702.0,0,0,1,2.0,0.0,0.3712694596162781,0.5,1,0.535634729808139
596,W032,R004,Drilling,Bit Failure,Formation Instability,1,2.0,40833.0,0.0,85885.0,0,0,1,2.0,0.0,0.36777095729215065,0.5,1,0.5338854786460754
597,W025,R004,Weather,Strong Wind,Lightning,1,2.0,40833.0,0.0,84759.0,0,0,1,2.0,0.0,0.36294927599843274,0.5,1,0.5314746379992163
598,W017,R001,Drilling,Hole Cleaning,Formation Instability,1,2.0,39583.0,0.0,84135.0,0,0,1,2.0,0.0,0.36027722526372585,0.5,1,0.530138612631863
599,W016,R004,Drilling,Well Control,Unexpected Pressure,1,2.0,40833.0,0.0,83103.0,0,0,1,2.0,0.0,0.355858064433249,0.5,1,0.5279290322166246
600,W038,R004,Logistics,Waiting on Materials,Port Congestion,1,2.0,40833.0,0.0,82862.0,0,0,1,2.0,0.0,0.3548260704796203,0.5,1,0.5274130352398101
601,W038,R004,Weather,Poor Visibility,Lightning,1,2.0,40833.0,0.0,82702.0,0,0,1,2.0,0.0,0.3541409292655929,0.5,1,0.5270704646327964
602,W013,R003,Logistics,Fuel Supply Delay,Customs Clearance,1,2.0,40000.0,0.0,82480.0,0,0,1,2.0,0.0,0.3531902958311298,0.5,1,0.5265951479155648
603,W026,R004,Logistics,Waiting on Materials,Customs Clearance,1,2.0,40833.0,0.0,82289.0,0,0,1,2.0,0.0,0.3523724085068846,0.5,1,0.5261862042534423
604,W030,R002,Mechanical,Generator Failure,Electrical Failure,1,2.0,38333.0,0.0,82273.0,0,0,1,2.0,0.0,0.3523038943854819,0.5,1,0.5261519471927409
605,W045,R004,Weather,Lightning,Lightning,1,2.0,40833.0,0.0,81546.0,0,0,1,2.0,0.0,0.3491907839942448,0.5,1,0.5245953919971225
606,W048,R002,Personnel,Safety Stand Down,Crew Rotation,1,2.0,38333.0,0.0,81540.0,0,0,1,2.0,0.0,0.3491650911987188,0.5,1,0.5245825455993594
607,W033,R002,Weather,High Waves,High Waves,1,2.0,38333.0,0.0,80299.0,0,0,1,2.0,0.0,0.3438509646574187,0.5,1,0.5219254823287094
608,W007,R001,Mechanical,Generator Failure,Hydraulic Failure,1,2.0,39583.0,0.0,79500.0,0,0,1,2.0,0.0,0.3404295407198693,0.5,1,0.5202147703599347
609,W028,R002,Drilling,Hole Cleaning,Unexpected Pressure,1,2.0,38333.0,0.0,79277.0,0,0,1,2.0,0.0,0.3394746251528186,0.5,1,0.5197373125764093
610,W021,R002,Mechanical,Draw Works Failure,OEM Defect,1,2.0,38333.0,0.0,79139.0,0,0,1,2.0,0.0,0.33888369085571995,0.5,1,0.51944184542786
611,W035,R003,Logistics,Waiting on Cement,Customs Clearance,1,2.0,40000.0,0.0,78248.0,0,0,1,2.0,0.0,0.33506831072010484,0.5,1,0.5175341553600524
612,W029,R002,Personnel,Medical Evacuation,Training Requirement,1,2.0,38333.0,0.0,76317.0,0,0,1,2.0,0.0,0.32679951269331153,0.5,1,0.5133997563466557
613,W043,R002,Mechanical,Draw Works Failure,Equipment Wear,1,2.0,38333.0,0.0,75654.0,0,0,1,2.0,0.0,0.3239604587876854,0.5,1,0.5119802293938427
614,W023,R004,Mechanical,Generator Failure,Hydraulic Failure,1,2.0,40833.0,0.0,74954.0,0,0,1,2.0,0.0,0.3209629659763155,0.5,1,0.5104814829881578
615,W020,R003,Mechanical,Mud Pump Failure,Equipment Wear,1,2.0,40000.0,0.0,73971.0,0,0,1,2.0,0.0,0.31675362964263465,0.5,1,0.5083768148213172
616,W032,R004,Mechanical,Top Drive Failure,OEM Defect,1,2.0,40833.0,0.0,73894.0,0,0,1,2.0,0.0,0.31642390543338395,0.5,1,0.508211952716692
617,W040,R002,Mechanical,Power System Failure,Equipment Wear,1,2.0,38333.0,0.0,73194.0,0,0,1,2.0,0.0,0.31342641262201404,0.5,1,0.506713206311007
618,W026,R004,Mechanical,Draw Works Failure,Equipment Wear,1,2.0,40833.0,0.0,72228.0,0,0,1,2.0,0.0,0.30928987254232354,0.5,1,0.5046449362711618
619,W041,R002,Logistics,Delayed Helicopter,Port Congestion,1,2.0,38333.0,0.0,72206.0,0,0,1,2.0,0.0,0.30919566562539474,0.5,1,0.5045978328126974
620,W012,R004,Drilling,Stuck Pipe,Bit Wear,1,2.0,40833.0,0.0,71133.0,0,0,1,2.0,0.0,0.30460093735882343,0.5,1,0.5023004686794117
621,W015,R003,Drilling,Well Control,Unexpected Pressure,1,2.0,40000.0,0.0,70537.0,0,0,1,2.0,0.0,0.30204878633657134,0.5,1,0.5010243931682856
622,W035,R003,Drilling,Well Control,Differential Sticking,1,2.0,40000.0,0.0,70168.0,0,0,1,2.0,0.0,0.3004686794117206,0.5,1,0.5002343397058604
623,W039,R002,Weather,Heavy Rain,Lightning,1,2.0,38333.0,0.0,69037.0,0,0,1,2.0,0.0,0.2956255874550644,0.5,1,0.49781279372753223
624,W010,R002,Drilling,Bit Failure,Unexpected Pressure,1,2.0,38333.0,0.0,68914.0,0,0,1,2.0,0.0,0.2950988851467808,0.5,1,0.4975494425733904
625,W032,R004,Weather,High Waves,Storm,1,2.0,40833.0,0.0,68172.0,0,0,1,2.0,0.0,0.29192154276672866,0.5,1,0.4959607713833643
626,W043,R002,Drilling,Hole Cleaning,Unexpected Pressure,1,2.0,38333.0,0.0,68000.0,0,0,1,2.0,0.0,0.2911850159616492,0.5,1,0.4955925079808246
627,W011,R004,Mechanical,Generator Failure,Equipment Wear,1,2.0,40833.0,0.0,67963.0,0,0,1,2.0,0.0,0.2910265770559054,0.5,1,0.4955132885279527
628,W011,R004,Drilling,Lost Circulation,Bit Wear,1,2.0,40833.0,0.0,67544.0,0,0,1,2.0,0.0,0.2892323635016711,0.5,1,0.49461618175083555
629,W015,R003,Drilling,Well Control,Formation Instability,1,2.0,40000.0,0.0,67367.0,0,0,1,2.0,0.0,0.28847442603365325,0.5,1,0.4942372130168266
630,W015,R003,Drilling,Fishing Operation,Differential Sticking,1,2.0,40000.0,0.0,65923.0,0,0,1,2.0,0.0,0.2822910265770559,0.5,1,0.49114551328852796
631,W013,R003,Personnel,Safety Stand Down,Medical Emergency,1,2.0,40000.0,0.0,65522.0,0,0,1,2.0,0.0,0.2805738914093997,0.5,1,0.49028694570469983
632,W044,R003,Logistics,Fuel Supply Delay,Late Supply Vessel,1,2.0,40000.0,0.0,65031.0,0,0,1,2.0,0.0,0.2784713643088531,0.5,1,0.48923568215442653
633,W042,R004,Weather,Lightning,Strong Wind,1,2.0,40833.0,0.0,64157.0,0,0,1,2.0,0.0,0.27472878042722837,0.5,1,0.48736439021361416
634,W020,R003,Logistics,Delayed Helicopter,Port Congestion,1,2.0,40000.0,0.0,64049.0,0,0,1,2.0,0.0,0.27426631010775987,0.5,1,0.48713315505387994
635,W029,R002,Weather,Heavy Rain,Strong Wind,1,2.0,38333.0,0.0,62871.0,0,0,1,2.0,0.0,0.26922195791948306,0.5,1,0.48461097895974153
636,W004,R002,Drilling,Fishing Operation,Unexpected Pressure,1,2.0,38333.0,0.0,62783.0,0,0,1,2.0,0.0,0.268845130251768,0.5,1,0.484422565125884
637,W010,R002,Drilling,Fishing Operation,Unexpected Pressure,1,2.0,38333.0,0.0,62471.0,0,0,1,2.0,0.0,0.26750910488441454,0.5,1,0.4837545524422073
638,W034,R001,Drilling,Hole Cleaning,Bit Wear,1,2.0,39583.0,0.0,62258.0,0,0,1,2.0,0.0,0.26659701064324054,0.5,1,0.4832985053216203
639,W004,R002,Mechanical,Rotary Table Failure,Poor Preventive Maintenance,1,2.0,38333.0,0.0,61458.0,0,0,1,2.0,0.0,0.2631713045731035,0.5,1,0.48158565228655176
640,W030,R002,Drilling,Stuck Pipe,Bit Wear,1,2.0,38333.0,0.0,58573.0,0,0,1,2.0,0.0,0.25081735205767175,0.5,1,0.4754086760288359
