Well_ID,NPT_Events,NPT_Hours,NPT_Rig_Cost_USD,Deferred_Production_Impact_USD,Total_Impact_USD,High_Events,Medium_Events,Low_Events,NPT_Hours_per_Event,High_Severity_Pct
W007,16,128.0,2533329.0,0.0,6815911.0,4,5,7,8.0,25.0
W040,21,130.0,2491660.0,0.0,6620110.0,1,10,10,6.190476190476191,4.761904761904762
W019,13,114.0,2280000.0,0.0,5561717.0,2,6,5,8.76923076923077,15.384615384615385
W036,19,108.0,2069994.0,0.0,5411508.0,2,6,11,5.684210526315789,10.526315789473683
W003,13,88.0,1796663.0,0.0,5225678.0,2,4,7,6.769230769230769,15.384615384615385
W011,16,104.0,2123328.0,0.0,5187621.0,1,6,9,6.5,6.25
W046,16,102.0,2040000.0,0.0,5032158.0,0,10,6,6.375,0.0
W013,20,96.0,1920000.0,0.0,4883822.0,0,9,11,4.8,0.0
W023,14,84.0,1714995.0,0.0,4828213.0,1,5,8,6.0,7.142857142857142
W010,16,106.0,2031661.0,0.0,4734861.0,2,5,9,6.625,12.5
W009,15,100.0,1979163.0,0.0,4669372.0,1,8,6,6.666666666666667,6.666666666666667
W001,19,88.0,1796660.0,0.0,4605541.0,0,7,12,4.631578947368421,0.0
W020,20,90.0,1800000.0,0.0,4565483.0,1,5,14,4.5,5.0
W045,10,80.0,1633331.0,0.0,4553567.0,2,3,5,8.0,20.0
W002,13,88.0,1741664.0,0.0,4546361.0,1,8,4,6.769230769230769,7.6923076923076925
W021,16,94.0,1801664.0,0.0,4506303.0,1,9,6,5.875,6.25
W026,11,90.0,1837497.0,0.0,4452824.0,2,4,5,8.181818181818182,18.181818181818183
W015,14,76.0,1520000.0,0.0,4385282.0,1,5,8,5.428571428571429,7.142857142857142
W043,18,94.0,1801662.0,0.0,4350399.0,1,7,10,5.222222222222222,5.555555555555555
W032,15,86.0,1755829.0,0.0,4251690.0,1,7,7,5.733333333333333,6.666666666666667
W033,16,90.0,1724995.0,0.0,4243450.0,0,7,9,5.625,0.0
W006,15,84.0,1609994.0,0.0,4231281.0,1,5,9,5.6,6.666666666666667
W048,14,86.0,1648329.0,0.0,4208923.0,1,7,6,6.142857142857143,7.142857142857142
W028,15,90.0,1724995.0,0.0,4143050.0,1,6,8,6.0,6.666666666666667
W030,15,90.0,1724996.0,0.0,4137386.0,0,9,6,6.0,0.0
W047,13,78.0,1592495.0,0.0,3918083.0,1,5,7,6.0,7.6923076923076925
W050,11,74.0,1510831.0,0.0,3894520.0,0,8,3,6.7272727272727275,0.0
W018,14,88.0,1796662.0,0.0,3855804.0,1,5,8,6.285714285714286,7.142857142857142
W034,12,74.0,1464578.0,0.0,3657546.0,2,1,9,6.166666666666667,16.666666666666664
W035,12,92.0,1840000.0,0.0,3595897.0,2,6,4,7.666666666666667,16.666666666666664
W038,15,68.0,1388328.0,0.0,3555637.0,0,6,9,4.533333333333333,0.0
W041,14,76.0,1456662.0,0.0,3512146.0,1,5,8,5.428571428571429,7.142857142857142
W022,13,74.0,1464580.0,0.0,3442372.0,0,7,6,5.6923076923076925,0.0
W044,12,64.0,1280000.0,0.0,3417944.0,1,4,7,5.333333333333333,8.333333333333332
W029,14,70.0,1341662.0,0.0,3349062.0,0,7,7,5.0,0.0
W024,12,68.0,1303329.0,0.0,3242338.0,0,5,7,5.666666666666667,0.0
W012,11,64.0,1306664.0,0.0,3233740.0,1,4,6,5.818181818181818,9.090909090909092
W027,10,66.0,1264997.0,0.0,3222709.0,1,4,5,6.6,10.0
W037,9,72.0,1379996.0,0.0,3194393.0,1,3,5,8.0,11.11111111111111
W005,13,64.0,1226662.0,0.0,3143733.0,0,6,7,4.923076923076923,0.0
W039,13,70.0,1341663.0,0.0,3123391.0,0,6,7,5.384615384615385,0.0
W031,11,60.0,1149994.0,0.0,3032755.0,1,0,10,5.454545454545454,9.090909090909092
W049,9,60.0,1200000.0,0.0,2954155.0,1,5,3,6.666666666666667,11.11111111111111
W025,11,54.0,1102497.0,0.0,2858646.0,0,5,6,4.909090909090909,0.0
W017,11,54.0,1068748.0,0.0,2591314.0,0,7,4,4.909090909090909,0.0
W016,10,50.0,1020830.0,0.0,2543830.0,0,5,5,5.0,0.0
W042,8,52.0,1061665.0,0.0,2398167.0,1,4,3,6.5,12.5
W004,11,52.0,996663.0,0.0,2334494.0,0,3,8,4.7272727272727275,0.0
W014,8,38.0,775830.0,0.0,2106838.0,0,2,6,4.75,0.0
W008,10,40.0,766663.0,0.0,1818153.0,0,3,7,4.0,0.0
