Rank,Well_ID,NPT_Events,NPT_Hours,NPT_Rig_Cost_USD,Deferred_Production_Impact_USD,Total_Impact_USD,High_Events,Medium_Events,Low_Events,NPT_Hours_per_Event,High_Severity_Pct,Cumulative_Impact_USD,Cumulative_Impact_Pct,Pareto_80_Flag
1,W007,16,128.0,2533329.0,0.0,6815911.0,4,5,7,8.0,25.0,6815911.0,3.439770314009004,True
2,W040,21,130.0,2491660.0,0.0,6620110.0,1,10,10,6.190476190476191,4.761904761904762,13436021.0,6.780726182340347,True
3,W019,13,114.0,2280000.0,0.0,5561717.0,2,6,5,8.76923076923077,15.384615384615385,18997738.0,9.587545260746625,True
4,W036,19,108.0,2069994.0,0.0,5411508.0,2,6,11,5.684210526315789,10.526315789473683,24409246.0,12.318558704499372,True
5,W003,13,88.0,1796663.0,0.0,5225678.0,2,4,7,6.769230769230769,15.384615384615385,29634924.0,14.9557897444836,True
6,W011,16,104.0,2123328.0,0.0,5187621.0,1,6,9,6.5,6.25,34822545.0,17.57381464476908,True
7,W046,16,102.0,2040000.0,0.0,5032158.0,0,10,6,6.375,0.0,39854703.0,20.11338238616167,True
8,W013,20,96.0,1920000.0,0.0,4883822.0,0,9,11,4.8,0.0,44738525.0,22.57808973555401,True
9,W023,14,84.0,1714995.0,0.0,4828213.0,1,5,8,6.0,7.142857142857142,49566738.0,25.01473301729762,True
10,W010,16,106.0,2031661.0,0.0,4734861.0,2,5,9,6.625,12.5,54301599.0,27.404264557360126,True
11,W009,15,100.0,1979163.0,0.0,4669372.0,1,8,6,6.666666666666667,6.666666666666667,58970971.0,29.760745912627947,True
12,W001,19,88.0,1796660.0,0.0,4605541.0,0,7,12,4.631578947368421,0.0,63576512.0,32.085013822192984,True
13,W020,20,90.0,1800000.0,0.0,4565483.0,1,5,14,4.5,5.0,68141995.0,34.3890657519369,True
14,W045,10,80.0,1633331.0,0.0,4553567.0,2,3,5,8.0,20.0,72695562.0,36.68710406104203,True
15,W002,13,88.0,1741664.0,0.0,4546361.0,1,8,4,6.769230769230769,7.6923076923076925,77241923.0,38.981505734504054,True
16,W021,16,94.0,1801664.0,0.0,4506303.0,1,9,6,5.875,6.25,81748226.0,41.25569142814497,True
17,W026,11,90.0,1837497.0,0.0,4452824.0,2,4,5,8.181818181818182,18.181818181818183,86201050.0,43.50288799639635,True
18,W015,14,76.0,1520000.0,0.0,4385282.0,1,5,8,5.428571428571429,7.142857142857142,90586332.0,45.715998297008845,True
19,W043,18,94.0,1801662.0,0.0,4350399.0,1,7,10,5.222222222222222,5.555555555555555,94936731.0,47.911504273289125,True
20,W032,15,86.0,1755829.0,0.0,4251690.0,1,7,7,5.733333333333333,6.666666666666667,99188421.0,50.05719500287302,True
21,W033,16,90.0,1724995.0,0.0,4243450.0,0,7,9,5.625,0.0,103431871.0,52.198727270383785,True
22,W006,15,84.0,1609994.0,0.0,4231281.0,1,5,9,5.6,6.666666666666667,107663152.0,54.33411823632074,True
23,W048,14,86.0,1648329.0,0.0,4208923.0,1,7,6,6.142857142857143,7.142857142857142,111872075.0,56.458225841210194,True
24,W028,15,90.0,1724995.0,0.0,4143050.0,1,6,8,6.0,6.666666666666667,116015125.0,58.54908946889768,True
25,W030,15,90.0,1724996.0,0.0,4137386.0,0,9,6,6.0,0.0,120152511.0,60.637094658577595,True
26,W047,13,78.0,1592495.0,0.0,3918083.0,1,5,7,6.0,7.6923076923076925,124070594.0,62.614424701652304,True
27,W050,11,74.0,1510831.0,0.0,3894520.0,0,8,3,6.7272727272727275,0.0,127965114.0,64.57986325906808,True
28,W018,14,88.0,1796662.0,0.0,3855804.0,1,5,8,6.285714285714286,7.142857142857142,131820918.0,66.5257631007528,True
29,W034,12,74.0,1464578.0,0.0,3657546.0,2,1,9,6.166666666666667,16.666666666666664,135478464.0,68.37160852815384,True
30,W035,12,92.0,1840000.0,0.0,3595897.0,2,6,4,7.666666666666667,16.666666666666664,139074361.0,70.1863416948331,True
31,W038,15,68.0,1388328.0,0.0,3555637.0,0,6,9,4.533333333333333,0.0,142629998.0,71.98075693881032,True
32,W041,14,76.0,1456662.0,0.0,3512146.0,1,5,8,5.428571428571429,7.142857142857142,146142144.0,73.75322367865851,True
33,W022,13,74.0,1464580.0,0.0,3442372.0,0,7,6,5.6923076923076925,0.0,149584516.0,75.49047773250045,True
34,W044,12,64.0,1280000.0,0.0,3417944.0,1,4,7,5.333333333333333,8.333333333333332,153002460.0,77.21540376309932,True
35,W029,14,70.0,1341662.0,0.0,3349062.0,0,7,7,5.0,0.0,156351522.0,78.9055672713047,True
36,W024,12,68.0,1303329.0,0.0,3242338.0,0,5,7,5.666666666666667,0.0,159593860.0,80.54187062097921,False
37,W012,11,64.0,1306664.0,0.0,3233740.0,1,4,6,5.818181818181818,9.090909090909092,162827600.0,82.17383483753419,False
38,W027,10,66.0,1264997.0,0.0,3222709.0,1,4,5,6.6,10.0,166050309.0,83.80023206438906,False
39,W037,9,72.0,1379996.0,0.0,3194393.0,1,3,5,8.0,11.11111111111111,169244702.0,85.41233911987705,False
40,W005,13,64.0,1226662.0,0.0,3143733.0,0,6,7,4.923076923076923,0.0,172388435.0,86.99887970829883,False
41,W039,13,70.0,1341663.0,0.0,3123391.0,0,6,7,5.384615384615385,0.0,175511826.0,88.57515434581138,False
42,W031,11,60.0,1149994.0,0.0,3032755.0,1,0,10,5.454545454545454,9.090909090909092,178544581.0,90.10568791919026,False
43,W049,9,60.0,1200000.0,0.0,2954155.0,1,5,3,6.666666666666667,11.11111111111111,181498736.0,91.5965546092015,False
44,W025,11,54.0,1102497.0,0.0,2858646.0,0,5,6,4.909090909090909,0.0,184357382.0,93.03922098924382,False
45,W017,11,54.0,1068748.0,0.0,2591314.0,0,7,4,4.909090909090909,0.0,186948696.0,94.3469735364053,False
46,W016,10,50.0,1020830.0,0.0,2543830.0,0,5,5,5.0,0.0,189492526.0,95.63076244120255,False
47,W042,8,52.0,1061665.0,0.0,2398167.0,1,4,3,6.5,12.5,191890693.0,96.84103993083468,False
48,W004,11,52.0,996663.0,0.0,2334494.0,0,3,8,4.7272727272727275,0.0,194225187.0,98.01918371226495,False
49,W014,8,38.0,775830.0,0.0,2106838.0,0,2,6,4.75,0.0,196332025.0,99.08243685756366,False
50,W008,10,40.0,766663.0,0.0,1818153.0,0,3,7,4.0,0.0,198150178.0,100.0,False
