NPT_Category,NPT_Subcategory,Root_Cause,NPT_Events,NPT_Hours,NPT_Rig_Cost_USD,Deferred_Production_Impact_USD,Total_Impact_USD,High_Events,Medium_Events,Low_Events,NPT_Hours_per_Event,High_Severity_Pct
Drilling,Hole Cleaning,Differential Sticking,11,104.0,2066665.0,0.0,4901437.0,3,5,3,9.454545454545455,27.27272727272727
Drilling,Lost Circulation,Formation Instability,14,100.0,1981663.0,0.0,4882950.0,1,7,6,7.142857142857143,7.142857142857142
Mechanical,Top Drive Failure,Poor Preventive Maintenance,9,78.0,1543331.0,0.0,4520732.0,2,3,4,8.666666666666666,22.22222222222222
Mechanical,Top Drive Failure,Equipment Wear,11,78.0,1558748.0,0.0,4444086.0,1,7,3,7.090909090909091,9.090909090909092
Weather,Poor Visibility,Heavy Rain,9,78.0,1549998.0,0.0,4182298.0,2,4,3,8.666666666666666,22.22222222222222
Drilling,Stuck Pipe,Differential Sticking,12,80.0,1569998.0,0.0,3977501.0,1,6,5,6.666666666666667,8.333333333333332
Logistics,Fuel Supply Delay,Customs Clearance,10,70.0,1402081.0,0.0,3927139.0,1,5,4,7.0,10.0
Drilling,Stuck Pipe,Unexpected Pressure,13,86.0,1682913.0,0.0,3913518.0,0,7,6,6.615384615384615,0.0
Drilling,Fishing Operation,Formation Instability,11,66.0,1295414.0,0.0,3534755.0,1,3,7,6.0,9.090909090909092
Logistics,Delayed Helicopter,Customs Clearance,7,60.0,1175832.0,0.0,3437722.0,2,1,4,8.571428571428571,28.57142857142857
Weather,Poor Visibility,Strong Wind,8,58.0,1156248.0,0.0,3311150.0,1,3,4,7.25,12.5
Weather,Lightning,Lightning,16,66.0,1304996.0,0.0,3303321.0,0,7,9,4.125,0.0
Drilling,Well Control,Bit Wear,7,54.0,1079999.0,0.0,3223917.0,2,1,4,7.714285714285714,28.57142857142857
Drilling,Bit Failure,Differential Sticking,11,62.0,1217497.0,0.0,3099059.0,0,6,5,5.636363636363637,0.0
Mechanical,Draw Works Failure,Hydraulic Failure,8,62.0,1201249.0,0.0,3096667.0,1,6,1,7.75,12.5
Drilling,Stuck Pipe,Bit Wear,9,66.0,1298332.0,0.0,2978603.0,1,4,4,7.333333333333333,11.11111111111111
Drilling,Hole Cleaning,Unexpected Pressure,13,60.0,1191245.0,0.0,2884582.0,0,5,8,4.615384615384615,0.0
Mechanical,BOP Repair,Equipment Wear,6,56.0,1076665.0,0.0,2779241.0,1,2,3,9.333333333333334,16.666666666666664
Drilling,Bit Failure,Unexpected Pressure,9,54.0,1057497.0,0.0,2726099.0,1,3,5,6.0,11.11111111111111
Weather,Heavy Rain,Strong Wind,7,54.0,1054999.0,0.0,2719878.0,1,4,2,7.714285714285714,14.285714285714285
Drilling,Fishing Operation,Differential Sticking,8,58.0,1139998.0,0.0,2703486.0,1,4,3,7.25,12.5
Drilling,Bit Failure,Bit Wear,6,52.0,1031666.0,0.0,2661871.0,1,4,1,8.666666666666666,16.666666666666664
Drilling,Lost Circulation,Bit Wear,10,48.0,962498.0,0.0,2623049.0,0,4,6,4.8,0.0
Weather,Lightning,High Waves,7,56.0,1102081.0,0.0,2577917.0,1,2,4,8.0,14.285714285714285
Mechanical,Generator Failure,Equipment Wear,8,44.0,871247.0,0.0,2539624.0,1,1,6,5.5,12.5
Weather,High Waves,Strong Wind,6,52.0,1050416.0,0.0,2509977.0,1,4,1,8.666666666666666,16.666666666666664
Mechanical,Power System Failure,Electrical Failure,7,48.0,932499.0,0.0,2465029.0,0,5,2,6.857142857142857,0.0
Logistics,Waiting on Cement,Late Supply Vessel,9,48.0,944582.0,0.0,2374908.0,0,5,4,5.333333333333333,0.0
Weather,Heavy Rain,Heavy Rain,7,50.0,995831.0,0.0,2316470.0,0,3,4,7.142857142857143,0.0
Weather,High Waves,Lightning,8,42.0,830414.0,0.0,2312273.0,0,4,4,5.25,0.0
Drilling,Hole Cleaning,Bit Wear,8,48.0,944165.0,0.0,2187474.0,0,4,4,6.0,0.0
Logistics,Waiting on Cement,Port Congestion,4,40.0,786666.0,0.0,2126042.0,1,2,1,10.0,25.0
Mechanical,BOP Repair,Electrical Failure,5,40.0,799166.0,0.0,2092385.0,1,3,1,8.0,20.0
Weather,Heavy Rain,Storm,5,40.0,806665.0,0.0,2045585.0,1,1,3,8.0,20.0
Mechanical,Mud Pump Failure,Equipment Wear,4,32.0,641249.0,0.0,2028719.0,1,1,2,8.0,25.0
Weather,Lightning,Heavy Rain,6,44.0,852499.0,0.0,2022806.0,1,2,3,7.333333333333333,16.666666666666664
Drilling,Stuck Pipe,Formation Instability,9,42.0,835831.0,0.0,2009379.0,0,3,6,4.666666666666667,0.0
Drilling,Well Control,Formation Instability,9,40.0,780831.0,0.0,1996829.0,0,4,5,4.444444444444445,0.0
Drilling,Well Control,Unexpected Pressure,11,40.0,792496.0,0.0,1962300.0,0,2,9,3.6363636363636362,0.0
Drilling,Lost Circulation,Unexpected Pressure,8,50.0,979165.0,0.0,1917720.0,0,6,2,6.25,0.0
Weather,Strong Wind,Strong Wind,8,40.0,789164.0,0.0,1895190.0,0,4,4,5.0,0.0
Logistics,Fuel Supply Delay,Material Shortage,7,36.0,722082.0,0.0,1886060.0,0,4,3,5.142857142857143,0.0
Mechanical,Rotary Table Failure,Poor Preventive Maintenance,8,46.0,906665.0,0.0,1855063.0,0,4,4,5.75,0.0
Logistics,Waiting on Materials,Port Congestion,6,40.0,784165.0,0.0,1849672.0,0,4,2,6.666666666666667,0.0
Logistics,Waiting on Materials,Material Shortage,6,38.0,739582.0,0.0,1849566.0,0,4,2,6.333333333333333,0.0
Mechanical,Power System Failure,Equipment Wear,6,42.0,822499.0,0.0,1828126.0,1,3,2,7.0,16.666666666666664
Weather,Heavy Rain,Lightning,7,30.0,599997.0,0.0,1802257.0,0,2,5,4.285714285714286,0.0
Logistics,Fuel Supply Delay,Late Supply Vessel,7,42.0,835416.0,0.0,1792582.0,1,2,4,6.0,14.285714285714285
Logistics,Waiting on Cement,Customs Clearance,6,34.0,671666.0,0.0,1721673.0,0,3,3,5.666666666666667,0.0
Drilling,Lost Circulation,Differential Sticking,6,32.0,619582.0,0.0,1709092.0,0,4,2,5.333333333333333,0.0
Personnel,Crew Change,Medical Emergency,4,30.0,597499.0,0.0,1702023.0,1,1,2,7.5,25.0
Weather,Strong Wind,High Waves,6,32.0,628331.0,0.0,1683282.0,0,3,3,5.333333333333333,0.0
Weather,Heavy Rain,High Waves,7,28.0,553332.0,0.0,1662334.0,0,2,5,4.0,0.0
Weather,Lightning,Storm,5,32.0,643331.0,0.0,1645274.0,0,2,3,6.4,0.0
Mechanical,Rotary Table Failure,Electrical Failure,7,36.0,716248.0,0.0,1623404.0,0,4,3,5.142857142857143,0.0
Drilling,Fishing Operation,Unexpected Pressure,8,38.0,754164.0,0.0,1612033.0,0,3,5,4.75,0.0
Weather,Lightning,Strong Wind,4,32.0,645833.0,0.0,1583199.0,1,2,1,8.0,25.0
Mechanical,Power System Failure,Poor Preventive Maintenance,6,34.0,669998.0,0.0,1536199.0,0,2,4,5.666666666666667,0.0
Mechanical,Generator Failure,Poor Preventive Maintenance,5,34.0,655832.0,0.0,1423482.0,1,1,3,6.8,20.0
Weather,High Waves,Heavy Rain,6,28.0,550832.0,0.0,1414876.0,0,3,3,4.666666666666667,0.0
Logistics,Delayed Helicopter,Port Congestion,7,30.0,580832.0,0.0,1405411.0,0,2,5,4.285714285714286,0.0
Weather,High Waves,High Waves,5,30.0,587499.0,0.0,1379960.0,0,3,2,6.0,0.0
Weather,Poor Visibility,Lightning,7,30.0,577497.0,0.0,1379915.0,0,2,5,4.285714285714286,0.0
Mechanical,BOP Repair,Hydraulic Failure,4,26.0,508332.0,0.0,1356626.0,0,3,1,6.5,0.0
Drilling,Fishing Operation,Bit Wear,5,22.0,439999.0,0.0,1335740.0,0,2,3,4.4,0.0
Mechanical,Mud Pump Failure,Hydraulic Failure,5,30.0,584166.0,0.0,1329879.0,0,4,1,6.0,0.0
Logistics,Delayed Helicopter,Late Supply Vessel,6,22.0,428331.0,0.0,1303380.0,0,1,5,3.6666666666666665,0.0
Mechanical,Draw Works Failure,Equipment Wear,6,26.0,515831.0,0.0,1264479.0,0,2,4,4.333333333333333,0.0
Logistics,Waiting on Boat,Late Supply Vessel,4,24.0,487499.0,0.0,1260343.0,0,2,2,6.0,0.0
Mechanical,BOP Repair,Poor Preventive Maintenance,5,20.0,393331.0,0.0,1251063.0,0,1,4,4.0,0.0
Weather,High Waves,Storm,5,24.0,489998.0,0.0,1225627.0,0,1,4,4.8,0.0
Mechanical,Top Drive Failure,OEM Defect,6,26.0,525832.0,0.0,1206431.0,0,3,3,4.333333333333333,0.0
Mechanical,Draw Works Failure,Electrical Failure,6,26.0,528330.0,0.0,1201879.0,0,1,5,4.333333333333333,0.0
Mechanical,Mud Pump Failure,OEM Defect,4,28.0,540416.0,0.0,1186992.0,1,1,2,7.0,25.0
Mechanical,Generator Failure,Hydraulic Failure,4,24.0,481249.0,0.0,1167128.0,0,2,2,6.0,0.0
Logistics,Delayed Helicopter,Material Shortage,3,20.0,388332.0,0.0,1163659.0,0,1,2,6.666666666666667,0.0
Mechanical,Top Drive Failure,Electrical Failure,6,26.0,512081.0,0.0,1095591.0,0,2,4,4.333333333333333,0.0
Mechanical,Rotary Table Failure,Hydraulic Failure,3,26.0,508333.0,0.0,1091640.0,1,1,1,8.666666666666666,33.33333333333333
Mechanical,Power System Failure,Hydraulic Failure,3,18.0,349999.0,0.0,1021659.0,0,2,1,6.0,0.0
Logistics,Waiting on Boat,Port Congestion,3,16.0,325000.0,0.0,1021659.0,0,2,1,5.333333333333333,0.0
Personnel,Safety Stand Down,Training Requirement,6,26.0,512498.0,0.0,1019932.0,0,2,4,4.333333333333333,0.0
Drilling,Hole Cleaning,Formation Instability,6,20.0,394581.0,0.0,1012102.0,0,1,5,3.3333333333333335,0.0
Weather,Strong Wind,Storm,6,24.0,470832.0,0.0,996021.0,0,2,4,4.0,0.0
Drilling,Bit Failure,Formation Instability,7,24.0,477915.0,0.0,991445.0,0,1,6,3.4285714285714284,0.0
Personnel,Medical Evacuation,Training Requirement,6,22.0,433332.0,0.0,990027.0,0,2,4,3.6666666666666665,0.0
Mechanical,Draw Works Failure,Poor Preventive Maintenance,3,18.0,361666.0,0.0,988867.0,0,2,1,6.0,0.0
Personnel,Safety Stand Down,Medical Emergency,3,24.0,489166.0,0.0,964349.0,1,0,2,8.0,33.33333333333333
Weather,Poor Visibility,Storm,6,22.0,440415.0,0.0,932344.0,0,2,4,3.6666666666666665,0.0
Weather,Strong Wind,Heavy Rain,4,24.0,473749.0,0.0,928549.0,0,2,2,6.0,0.0
Mechanical,Mud Pump Failure,Electrical Failure,4,16.0,308333.0,0.0,926039.0,0,2,2,4.0,0.0
Mechanical,Top Drive Failure,Hydraulic Failure,4,24.0,477499.0,0.0,918695.0,0,2,2,6.0,0.0
Logistics,Fuel Supply Delay,Port Congestion,1,24.0,490000.0,0.0,887460.0,1,0,0,24.0,100.0
Mechanical,Draw Works Failure,OEM Defect,5,20.0,394581.0,0.0,882262.0,0,1,4,4.0,0.0
Logistics,Waiting on Materials,Late Supply Vessel,4,16.0,314165.0,0.0,855809.0,0,1,3,4.0,0.0
Mechanical,Mud Pump Failure,Poor Preventive Maintenance,2,22.0,437916.0,0.0,800015.0,1,0,1,11.0,50.0
Mechanical,BOP Repair,OEM Defect,3,14.0,279999.0,0.0,797333.0,0,1,2,4.666666666666667,0.0
Personnel,Safety Stand Down,Crew Rotation,4,18.0,355416.0,0.0,792748.0,0,2,2,4.5,0.0
Weather,Poor Visibility,High Waves,4,18.0,348748.0,0.0,730402.0,0,1,3,4.5,0.0
Logistics,Waiting on Cement,Material Shortage,4,16.0,318333.0,0.0,686490.0,0,2,2,4.0,0.0
Logistics,Waiting on Boat,Customs Clearance,3,10.0,199999.0,0.0,603966.0,0,0,3,3.3333333333333335,0.0
Personnel,Crew Change,Crew Rotation,1,18.0,367500.0,0.0,603804.0,1,0,0,18.0,100.0
Logistics,Waiting on Materials,Customs Clearance,4,12.0,234998.0,0.0,545457.0,0,0,4,3.0,0.0
Mechanical,Power System Failure,OEM Defect,2,10.0,191666.0,0.0,531207.0,0,1,1,5.0,0.0
Mechanical,Rotary Table Failure,Equipment Wear,3,10.0,200832.0,0.0,377235.0,0,0,3,3.3333333333333335,0.0
Personnel,Medical Evacuation,Medical Emergency,1,6.0,122500.0,0.0,376090.0,0,1,0,6.0,0.0
Mechanical,Generator Failure,Electrical Failure,2,8.0,153333.0,0.0,375128.0,0,1,1,4.0,0.0
Logistics,Waiting on Boat,Material Shortage,3,8.0,162082.0,0.0,329917.0,0,0,3,2.6666666666666665,0.0
Weather,Strong Wind,Lightning,2,8.0,155833.0,0.0,323098.0,0,1,1,4.0,0.0
Mechanical,Generator Failure,OEM Defect,1,4.0,76666.0,0.0,229210.0,0,0,1,4.0,0.0
Drilling,Well Control,Differential Sticking,2,6.0,116666.0,0.0,216915.0,0,0,2,3.0,0.0
Personnel,Training,Crew Rotation,1,6.0,122500.0,0.0,213210.0,0,1,0,6.0,0.0
Personnel,Crew Change,Training Requirement,1,4.0,76666.0,0.0,156113.0,0,0,1,4.0,0.0
Personnel,Training,Training Requirement,1,2.0,39583.0,0.0,124993.0,0,0,1,2.0,0.0
