Well_ID,NPT_Events,NPT_Hours,NPT_Cost_USD,Deferred_Production_USD,Total_Impact_USD,Low_Events,Medium_Events,High_Events,Hotspot_Score,Cumulative_Impact_USD,Cumulative_Impact_Pct,Pareto_80_Flag
W007,16,128.0,2533329.0,0.0,2533329.0,7,5,4,793.9994778947369,2533329.0,3.198469711433232,True
W040,21,130.0,2491660.0,0.0,2491660.0,10,10,1,509.1714863157895,5024989.0,6.344329977190158,True
W019,13,114.0,2280000.0,0.0,2280000.0,5,6,2,736.0701754385965,7304989.0,9.222957641448442,True
W011,16,104.0,2123328.0,0.0,2123328.0,9,6,1,656.4042161403509,9428317.0,11.903778133156427,True
W036,19,108.0,2069994.0,0.0,2069994.0,11,6,2,467.693052631579,11498311.0,14.517261463528646,True
W046,16,102.0,2040000.0,0.0,2040000.0,6,10,0,315.13684210526316,13538311.0,17.09287568944395,True
W010,16,106.0,2031661.0,0.0,2031661.0,9,5,2,546.6310568421052,15569972.0,19.657961460932828,True
W009,15,100.0,1979163.0,0.0,1979163.0,6,8,1,543.9997642105263,17549135.0,22.15676556789617,True
W013,20,96.0,1920000.0,0.0,1920000.0,11,9,0,283.17894736842106,19469135.0,24.580873074639985,True
W035,12,92.0,1840000.0,0.0,1840000.0,4,6,2,767.9157894736842,21309135.0,26.903976101936145,True
W026,11,90.0,1837497.0,0.0,1837497.0,5,4,2,591.1226273684211,23146632.0,29.223918951581584,True
W021,16,94.0,1801664.0,0.0,1801664.0,6,9,1,417.97395087719303,24948296.0,31.498620632326425,True
W043,18,94.0,1801662.0,0.0,1801662.0,10,7,1,380.1122021052632,26749958.0,33.77331978795928,True
W020,20,90.0,1800000.0,0.0,1800000.0,14,5,1,266.6877192982456,28549958.0,36.0459205755316,True
W003,13,88.0,1796663.0,0.0,1796663.0,7,4,2,634.9190231578948,30346621.0,38.31430821375497,True
W018,14,88.0,1796662.0,0.0,1796662.0,8,5,1,463.70507789473686,32143283.0,40.582694589422346,True
W001,19,88.0,1796660.0,0.0,1796660.0,12,7,0,365.8415452631579,33939943.0,42.851078439977734,True
W032,15,86.0,1755829.0,0.0,1755829.0,7,7,1,399.9362863157895,35695772.0,45.06791086677903,True
W002,13,88.0,1741664.0,0.0,1741664.0,4,8,1,488.6662736842105,37437436.0,47.266859187938124,True
W030,15,90.0,1724996.0,0.0,1724996.0,6,9,0,352.4650666666667,39162432.0,49.4447632258043,True
W028,15,90.0,1724995.0,0.0,1724995.0,8,6,1,481.01727999999997,40887427.0,51.62266600111448,True
W033,16,90.0,1724995.0,0.0,1724995.0,9,7,0,248.15404631578946,42612422.0,53.80056877642466,True
W023,14,84.0,1714995.0,0.0,1714995.0,8,5,1,317.9716715789474,44327417.0,55.96584599180389,True
W048,14,86.0,1648329.0,0.0,1648329.0,6,7,1,356.7222989473684,45975746.0,58.0469536493474,True
W045,10,80.0,1633331.0,0.0,1633331.0,5,3,2,492.49799578947363,47609077.0,60.10912549210645,True
W006,15,84.0,1609994.0,0.0,1609994.0,9,5,1,286.8908631578947,49219071.0,62.14183306565463,True
W047,13,78.0,1592495.0,0.0,1592495.0,7,5,1,291.30504421052626,50811566.0,64.15244717187963,True
W015,14,76.0,1520000.0,0.0,1520000.0,8,5,1,276.4,52331566.0,66.07153228138515,True
W050,11,74.0,1510831.0,0.0,1510831.0,3,8,0,351.0170778947368,53842397.0,67.97904101498997,True
W022,13,74.0,1464580.0,0.0,1464580.0,6,7,0,326.44408701754384,55306977.0,69.82815527135813,True
W034,12,74.0,1464578.0,0.0,1464578.0,9,1,2,375.33328842105266,56771555.0,71.6772670026143,True
W041,14,76.0,1456662.0,0.0,1456662.0,8,5,1,252.14915929824562,58228217.0,73.51638434062913,True
W038,15,68.0,1388328.0,0.0,1388328.0,9,6,0,157.73306947368422,59616545.0,75.26922617741174,True
W037,9,72.0,1379996.0,0.0,1379996.0,5,3,1,408.40668631578944,60996541.0,77.0115483976599,True
W039,13,70.0,1341663.0,0.0,1341663.0,7,6,0,224.4629305263158,62338204.0,78.7054730590247,True
W029,14,70.0,1341662.0,0.0,1341662.0,7,7,0,133.47351578947368,63679866.0,80.3993964578335,False
W012,11,64.0,1306664.0,0.0,1306664.0,6,4,1,319.2842105263158,64986530.0,82.04913292199596,False
W024,12,68.0,1303329.0,0.0,1303329.0,7,5,0,211.00299368421054,66289859.0,83.69465876192143,False
W044,12,64.0,1280000.0,0.0,1280000.0,7,4,1,315.8315789473684,67569859.0,85.31073043308398,False
W027,10,66.0,1264997.0,0.0,1264997.0,5,4,1,283.7330694736842,68834856.0,86.90785997668212,False
W005,13,64.0,1226662.0,0.0,1226662.0,7,6,0,114.81391157894737,70061518.0,88.4565894362849,False
W049,9,60.0,1200000.0,0.0,1200000.0,3,5,1,278.88421052631577,71261518.0,89.97165662799979,False
W031,11,60.0,1149994.0,0.0,1149994.0,10,0,1,252.21739789473685,72411512.0,91.42358844472393,False
W025,11,54.0,1102497.0,0.0,1102497.0,6,5,0,143.91575578947368,73514009.0,92.81555263944401,False
W017,11,54.0,1068748.0,0.0,1068748.0,4,7,0,103.33328842105263,74582757.0,94.16490683195309,False
W042,8,52.0,1061665.0,0.0,1061665.0,3,4,1,236.38588631578946,75644422.0,95.50531834036308,False
W016,10,50.0,1020830.0,0.0,1020830.0,5,5,0,97.34021052631579,76665252.0,96.794173374795,False
W004,11,52.0,996663.0,0.0,996663.0,8,3,0,139.95776,77661915.0,98.05251621854177,False
W014,8,38.0,775830.0,0.0,775830.0,6,2,0,81.89473684210526,78437745.0,99.03204503466524,False
W008,10,40.0,766663.0,0.0,766663.0,7,3,0,72.87004631578947,79204408.0,100.0,False
