Well_ID,Well_Name,Operator,Rig_ID,Rig_Name,Contractor,Rig_Type,Block,Well_Type,Country,Water_Depth_ft,Water_Depth_Category,Target_Depth_ft,Status,Drilling_Days,Drilling_Start_Date,Drilling_End_Date,Total_Footage_ft,Total_Drilling_Hours,Average_ROP_ft_hr,Maximum_ROP_ft_hr,Total_Weather_Delay_hr,Total_Drilling_Cost_USD,Cost_per_Foot_USD,Average_Daily_Footage_ft,Average_Daily_Cost_USD,Target_Attainment_pct,Average_Hourly_Footage_ft,Weather_Delay_pct
W011,ATL-011,Atlantic Energy Guyana,R004,Noble Don Taylor,Noble,Drillship,Stabroek,Exploration,Guyana,5063.0,Ultra Deepwater,22974.0,Suspended,36,2023-08-04,2023-09-10,22974.0,679.8299999999999,33.90555555555555,45.29,31.0,16212768.29,705.7007177679116,638.1666666666666,450354.6747222222,100.0,33.793742553285384,4.361098996947231
W049,ATL-049,Atlantic Energy Guyana,R003,Stena DrillMAX,Stena Drilling,Drillship,Stabroek,Development,Guyana,6498.0,Extreme Deepwater,22777.0,Suspended,36,2023-06-16,2023-07-24,22777.1,680.55,33.48861111111111,44.89,28.0,15941431.0,699.888528390357,632.6972222222222,442817.52777777775,100.00043903938183,33.46866505032694,3.9517324112624372
W013,ATL-013,Atlantic Energy Guyana,R003,Stena DrillMAX,Stena Drilling,Drillship,Stabroek,Appraisal,Guyana,4595.0,Deepwater,22554.0,Completed,36,2024-04-03,2024-05-09,22553.7,688.1,32.73555555555556,49.03,16.0,16182108.87,717.4924234161135,626.4916666666667,449503.02416666667,99.99866985900506,32.77677663130359,2.2724044879988634
W027,ATL-027,Atlantic Energy Guyana,R002,Stena Carron,Stena Drilling,Drillship,Stabroek,Appraisal,Guyana,5863.0,Ultra Deepwater,22392.0,Planned,34,2023-06-10,2023-07-13,22391.9,653.12,34.24411764705882,49.73,38.0,14655693.1,654.508688409648,658.5852941176471,431049.7970588235,99.99955341193284,34.284511268985796,5.4983215649959485
W014,ATL-014,Atlantic Energy Guyana,R004,Noble Don Taylor,Noble,Drillship,Stabroek,Exploration,Guyana,6423.0,Extreme Deepwater,22280.0,Suspended,35,2023-03-29,2023-05-03,22280.1,681.68,32.66885714285714,46.52,9.0,16280284.48,730.7096682689935,636.5742857142857,465150.9851428571,100.0004488330341,32.68410397840629,1.3030636474199342
W007,ATL-007,Atlantic Energy Guyana,R001,Noble Bob Douglas,Noble,Drillship,Stabroek,Exploration,Guyana,5538.0,Ultra Deepwater,21585.0,Planned,33,2023-01-21,2023-02-22,21584.9,632.93,34.27272727272727,48.66,14.0,14628770.85,677.7316943789408,654.0878787878788,443296.08636363636,99.99953671531156,34.103139367702596,2.164067209744486
W028,ATL-028,Atlantic Energy Guyana,R002,Stena Carron,Stena Drilling,Drillship,Stabroek,Exploration,Guyana,6481.0,Extreme Deepwater,21528.0,Planned,33,2024-04-04,2024-05-08,21527.8,647.66,33.42393939393939,48.43,15.0,14462989.11,671.8284780609258,652.3575757575758,438272.3972727273,99.99907097733184,33.23935398202761,2.26360426161229
W038,ATL-038,Atlantic Energy Guyana,R004,Noble Don Taylor,Noble,Drillship,Stabroek,Appraisal,Guyana,5472.0,Ultra Deepwater,21390.0,Planned,34,2024-11-30,2025-01-05,21390.1,634.15,33.4735294117647,49.28,46.0,15149998.79,708.271527014834,629.1205882352941,445588.19970588235,100.00046750818139,33.730347709532445,6.763213996912445
W023,ATL-023,Atlantic Energy Guyana,R004,Noble Don Taylor,Noble,Drillship,Stabroek,Exploration,Guyana,6097.0,Extreme Deepwater,21363.0,Suspended,32,2024-02-18,2024-03-21,21362.9,611.37,34.8015625,51.32,0.0,14445134.24,676.1785263236733,667.590625,451410.445,99.99953190095025,34.9426697417276,0.0
W026,ATL-026,Atlantic Energy Guyana,R004,Noble Don Taylor,Noble,Drillship,Stabroek,Exploration,Guyana,6143.0,Extreme Deepwater,20855.0,Suspended,31,2023-10-04,2023-11-04,20855.0,600.04,34.766129032258064,45.83,9.0,14459113.13,693.3163812035483,672.741935483871,466423.0041935484,100.0,34.756016265582296,1.477735452515434
W035,ATL-035,Atlantic Energy Guyana,R003,Stena DrillMAX,Stena Drilling,Drillship,Stabroek,Development,Guyana,5908.0,Ultra Deepwater,20791.0,Completed,33,2024-05-25,2024-06-28,20790.7,625.48,33.303333333333335,48.69,43.0,14687778.32,706.4590571746021,630.0212121212121,445084.1915151515,99.9985570679621,33.23959199334911,6.432503590234562
W030,ATL-030,Atlantic Energy Guyana,R002,Stena Carron,Stena Drilling,Drillship,Stabroek,Appraisal,Guyana,6163.0,Extreme Deepwater,20757.0,Suspended,33,2023-01-22,2023-02-25,20756.7,632.02,32.873030303030305,47.56,14.0,14266132.13,687.3025158141709,628.9909090909091,432307.03424242424,99.99855470443705,32.84184044808709,2.167115569177425
W024,ATL-024,Atlantic Energy Guyana,R002,Stena Carron,Stena Drilling,Drillship,Stabroek,Appraisal,Guyana,5295.0,Ultra Deepwater,20685.0,Suspended,32,2024-01-21,2024-02-22,20685.1,607.96,33.7209375,50.44,19.0,13722096.47,663.380717037868,646.409375,428815.5146875,100.0004834421078,34.02378445950391,3.030496363404364
W006,ATL-006,Atlantic Energy Guyana,R002,Stena Carron,Stena Drilling,Drillship,Stabroek,Appraisal,Guyana,4706.0,Deepwater,20616.0,Planned,30,2024-12-01,2025-01-01,20616.1,583.51,35.15866666666667,48.04,12.0,13143205.35,637.5214201522111,687.2033333333333,438106.845,100.00048506014745,35.33118541241795,2.015079511679065
W037,ATL-037,Atlantic Energy Guyana,R002,Stena Carron,Stena Drilling,Drillship,Stabroek,Appraisal,Guyana,5806.0,Ultra Deepwater,20535.0,Planned,32,2024-04-20,2024-05-24,20535.1,608.83,33.7096875,46.26,21.0,13749815.59,669.5762664900585,641.721875,429681.7371875,100.00048697345993,33.72879128820853,3.3342330470126855
W031,ATL-031,Atlantic Energy Guyana,R002,Stena Carron,Stena Drilling,Drillship,Stabroek,Development,Guyana,6029.0,Extreme Deepwater,20249.0,Completed,31,2023-09-10,2023-10-11,20249.1,600.42,33.76870967741935,48.46,38.0,13420380.1,662.7642759431284,653.1967741935483,432915.48709677416,100.00049385154821,33.72489257519736,5.952194480122803
W004,ATL-004,Atlantic Energy Guyana,R002,Stena Carron,Stena Drilling,Drillship,Stabroek,Exploration,Guyana,5370.0,Ultra Deepwater,20232.0,Suspended,33,2023-04-17,2023-05-20,20231.9,606.1999999999999,33.74363636363636,49.83,40.0,13777407.37,680.9744695258477,613.0878787878788,417497.193030303,99.9995057334915,33.374958759485324,6.190034045187249
W032,ATL-032,Atlantic Energy Guyana,R004,Noble Don Taylor,Noble,Drillship,Stabroek,Exploration,Guyana,6538.0,Extreme Deepwater,20172.0,Drilling,31,2024-07-14,2024-08-15,20171.8,582.1,34.539032258064516,48.11,15.0,13999009.8,693.9891234297386,650.7032258064515,451580.9612903226,99.99900852667064,34.65349596289297,2.5121420197621838
W039,ATL-039,Atlantic Energy Guyana,R002,Stena Carron,Stena Drilling,Drillship,Stabroek,Development,Guyana,6268.0,Extreme Deepwater,19931.0,Drilling,29,2023-07-09,2023-08-09,19931.0,564.51,35.15241379310345,50.46,11.0,12786789.7,641.5528423059556,687.2758620689655,440923.7827586207,100.0,35.30672618731289,1.9113481955135445
W022,ATL-022,Atlantic Energy Guyana,R001,Noble Bob Douglas,Noble,Drillship,Stabroek,Appraisal,Guyana,6319.0,Extreme Deepwater,19737.0,Completed,30,2024-05-06,2024-06-05,19737.2,582.1,33.77633333333333,49.15,47.0,13405027.07,679.1757224935654,657.9066666666666,446834.2356666667,100.00101332522672,33.90688885071294,7.47099030360833
W008,ATL-008,Atlantic Energy Guyana,R002,Stena Carron,Stena Drilling,Drillship,Stabroek,Development,Guyana,6381.0,Extreme Deepwater,19659.0,Suspended,32,2024-09-06,2024-10-07,19659.2,624.56,31.370625,45.14,25.0,14065082.15,715.4452953324652,614.35,439533.8171875,100.00101734574496,31.476879723325226,3.848759160046801
W044,ATL-044,Atlantic Energy Guyana,R003,Stena DrillMAX,Stena Drilling,Drillship,Stabroek,Appraisal,Guyana,5148.0,Ultra Deepwater,19496.0,Completed,31,2024-05-19,2024-06-18,19496.2,592.45,33.17193548387097,53.74,8.0,13817299.17,708.7175536771268,628.9096774193548,445719.3280645161,100.00102585145672,32.90775592877036,1.3323340827712546
W046,ATL-046,Atlantic Energy Guyana,R003,Stena DrillMAX,Stena Drilling,Drillship,Stabroek,Appraisal,Guyana,5757.0,Ultra Deepwater,19389.0,Suspended,29,2024-04-29,2024-05-29,19388.9,555.4,34.8451724137931,45.73,20.0,12933266.13,667.0448622665546,668.5827586206897,445974.69413793104,99.99948424364331,34.909794742527914,3.475842891901286
W043,ATL-043,Atlantic Energy Guyana,R002,Stena Carron,Stena Drilling,Drillship,Stabroek,Appraisal,Guyana,5934.0,Ultra Deepwater,19218.0,Drilling,30,2023-09-01,2023-10-02,19217.9,571.39,33.49666666666666,45.46,10.0,12906481.26,671.5864511731249,640.5966666666667,430216.042,99.99947965449059,33.63359526768057,1.720015824145582
W021,ATL-021,Atlantic Energy Guyana,R002,Stena Carron,Stena Drilling,Drillship,Stabroek,Appraisal,Guyana,6222.0,Extreme Deepwater,19097.0,Completed,30,2023-12-10,2024-01-13,19096.8,580.87,33.28,46.54,30.0,13145292.25,688.3505220769972,636.56,438176.4083333333,99.99895271508613,32.87620293697385,4.911028533075777
W003,ATL-003,Atlantic Energy Guyana,R004,Noble Don Taylor,Noble,Drillship,Stabroek,Exploration,Guyana,4897.0,Deepwater,18763.0,Completed,28,2023-09-28,2023-10-25,18763.0,543.01,34.6875,50.52,14.0,12784056.41,681.3439433992432,670.1071428571429,456573.4432142857,100.0,34.55369146056242,2.5134198667887473
W016,ATL-016,Atlantic Energy Guyana,R004,Noble Don Taylor,Noble,Drillship,Stabroek,Exploration,Guyana,6778.0,Extreme Deepwater,18696.0,Completed,29,2023-04-10,2023-05-10,18696.2,555.32,33.20862068965517,51.38,27.0,13214359.14,706.7938479477114,644.696551724138,455667.55655172415,100.00106974753959,33.66743499243679,4.6366259101524925
W010,ATL-010,Atlantic Energy Guyana,R002,Stena Carron,Stena Drilling,Drillship,Stabroek,Exploration,Guyana,5363.0,Ultra Deepwater,18581.0,Drilling,29,2024-04-11,2024-05-09,18581.1,559.41,33.24517241379311,46.14,19.0,12551454.43,675.4957688188535,640.7275862068965,432808.77344827587,100.00053818416661,33.215530648361664,3.2848671357687453
W040,ATL-040,Atlantic Energy Guyana,R002,Stena Carron,Stena Drilling,Drillship,Stabroek,Exploration,Guyana,5782.0,Ultra Deepwater,18510.0,Completed,28,2024-11-17,2024-12-14,18509.8,540.17,34.275357142857146,53.2,27.0,12137950.94,655.7580816648479,661.0642857142857,433498.2478571428,99.99891950297136,34.26661976785086,4.760477458257665
W029,ATL-029,Atlantic Energy Guyana,R002,Stena Carron,Stena Drilling,Drillship,Stabroek,Development,Guyana,5854.0,Ultra Deepwater,18474.0,Suspended,28,2023-11-10,2023-12-08,18474.0,541.95,33.82107142857143,48.64,2.0,12278777.35,664.6517998267835,659.7857142857143,438527.7625,100.0,34.08801549958483,0.367680853019579
W012,ATL-012,Atlantic Energy Guyana,R004,Noble Don Taylor,Noble,Drillship,Stabroek,Exploration,Guyana,5520.0,Ultra Deepwater,18457.0,Planned,29,2023-11-27,2023-12-25,18457.2,554.47,33.439655172413794,50.39,30.0,13227460.52,716.6558589601889,636.4551724137931,456119.32827586203,100.00108359971827,33.28800476130359,5.132855407463172
W002,ATL-002,Atlantic Energy Guyana,R001,Noble Bob Douglas,Noble,Drillship,Stabroek,Development,Guyana,5002.0,Ultra Deepwater,18304.0,Completed,28,2024-03-11,2024-04-07,18303.9,560.67,32.635,49.65,0.0,12906810.88,705.1399362977289,653.7107142857143,460957.53142857144,99.99945367132868,32.64647653700038,0.0
W042,ATL-042,Atlantic Energy Guyana,R004,Noble Don Taylor,Noble,Drillship,Stabroek,Development,Guyana,5979.0,Ultra Deepwater,18255.0,Drilling,28,2024-07-20,2024-08-16,18254.8,528.41,34.37464285714286,47.52,24.0,12572413.42,688.7182231522668,651.9571428571428,449014.765,99.99890440975075,34.5466588444579,4.344599120218678
W018,ATL-018,Atlantic Energy Guyana,R004,Noble Don Taylor,Noble,Drillship,Stabroek,Exploration,Guyana,5040.0,Ultra Deepwater,18152.0,Completed,26,2023-05-11,2023-06-05,18151.7,521.53,34.880384615384614,49.8,0.0,12308393.58,678.0848945277853,698.1423076923077,473399.7530769231,99.99834728955489,34.804709220946066,0.0
W017,ATL-017,Atlantic Energy Guyana,R001,Noble Bob Douglas,Noble,Drillship,Stabroek,Appraisal,Guyana,6178.0,Extreme Deepwater,17999.0,Suspended,28,2024-10-26,2024-11-22,17999.2,531.17,34.066785714285714,48.66,30.0,12367526.71,687.1153556824748,642.8285714285714,441697.3825,100.00111117284294,33.885949884217865,5.345973590890461
W048,ATL-048,Atlantic Energy Guyana,R002,Stena Carron,Stena Drilling,Drillship,Stabroek,Appraisal,Guyana,5163.0,Ultra Deepwater,17931.0,Drilling,30,2023-01-21,2023-02-22,17931.0,557.9,32.501333333333335,45.09,39.0,12603788.4,702.9049355864146,597.7,420126.28,100.0,32.14016848897652,6.53375774836656
W034,ATL-034,Atlantic Energy Guyana,R001,Noble Bob Douglas,Noble,Drillship,Stabroek,Exploration,Guyana,6737.0,Extreme Deepwater,17777.0,Planned,28,2023-02-28,2023-03-28,17777.0,527.16,33.68071428571428,50.4,44.0,12356618.879999999,695.0902221972211,634.8928571428571,441307.8171428571,100.0,33.72220957584035,7.703620701729813
W047,ATL-047,Atlantic Energy Guyana,R004,Noble Don Taylor,Noble,Drillship,Stabroek,Exploration,Guyana,5183.0,Ultra Deepwater,17327.0,Suspended,25,2024-10-08,2024-11-03,17327.0,492.27,35.151199999999996,49.62,2.0,11659169.74,672.8902718300918,693.08,466366.7896,100.0,35.19816360940135,0.4046371416432315
W020,ATL-020,Atlantic Energy Guyana,R003,Stena DrillMAX,Stena Drilling,Drillship,Stabroek,Appraisal,Guyana,5683.0,Ultra Deepwater,17160.0,Completed,26,2023-11-05,2023-11-30,17159.9,503.49,34.201153846153844,49.53,14.0,11719190.56,682.9404926602136,659.9961538461539,450738.0984615385,99.99941724941725,34.081908280204175,2.7053662872712514
W005,ATL-005,Atlantic Energy Guyana,R002,Stena Carron,Stena Drilling,Drillship,Stabroek,Development,Guyana,4892.0,Deepwater,16853.0,Suspended,27,2023-03-13,2023-04-08,16853.1,525.2,32.02074074074074,47.87,10.0,11873271.59,704.5155840765201,624.1888888888889,439750.79962962965,100.00059336616624,32.088918507235334,1.8684603886397606
W036,ATL-036,Atlantic Energy Guyana,R002,Stena Carron,Stena Drilling,Drillship,Stabroek,Exploration,Guyana,5900.0,Ultra Deepwater,16733.0,Suspended,25,2024-11-12,2024-12-09,16733.0,494.14,33.9652,49.14,5.0,11091091.98,662.8274654873603,669.32,443643.6792,100.0,33.86287287003683,1.0017229634972151
W033,ATL-033,Atlantic Energy Guyana,R002,Stena Carron,Stena Drilling,Drillship,Stabroek,Appraisal,Guyana,5996.0,Ultra Deepwater,16707.0,Suspended,25,2024-04-19,2024-05-13,16706.9,479.76,35.1348,51.21,18.0,10913961.71,653.2607311948955,668.2760000000001,436558.4684,99.99940144849465,34.82345339336335,3.616200578592093
W015,ATL-015,Atlantic Energy Guyana,R003,Stena DrillMAX,Stena Drilling,Drillship,Stabroek,Exploration,Guyana,6257.0,Extreme Deepwater,16636.0,Suspended,25,2024-01-08,2024-02-01,16635.9,485.12,34.4632,45.32,8.0,11401518.43,685.3562734808455,665.436,456060.7372,99.99939889396491,34.29234003957784,1.6223231667748215
W001,ATL-001,Atlantic Energy Guyana,R004,Noble Don Taylor,Noble,Drillship,Stabroek,Exploration,Guyana,5528.0,Ultra Deepwater,16495.0,Drilling,26,2023-04-13,2023-05-08,16495.0,503.52,32.80346153846154,46.48,7.0,12003516.78,727.7063825401636,634.4230769230769,461673.7223076923,100.0,32.75937400699079,1.371150983311134
W009,ATL-009,Atlantic Energy Guyana,R001,Noble Bob Douglas,Noble,Drillship,Stabroek,Exploration,Guyana,5984.0,Ultra Deepwater,16291.0,Completed,27,2023-05-02,2023-05-29,16290.9,516.8,31.366296296296294,46.07,24.0,11956185.14,733.9180241730046,603.3666666666667,442821.67185185186,99.99938616413971,31.52263931888545,4.437869822485208
W025,ATL-025,Atlantic Energy Guyana,R004,Noble Don Taylor,Noble,Drillship,Stabroek,Appraisal,Guyana,5551.0,Ultra Deepwater,15854.0,Completed,26,2023-07-11,2023-08-06,15854.2,487.21,32.405,45.91,28.0,11627789.13,733.4201113900418,609.7769230769231,447222.6588461539,100.00126151129054,32.540793497670414,5.434677121950273
W045,ATL-045,Atlantic Energy Guyana,R004,Noble Don Taylor,Noble,Drillship,Stabroek,Exploration,Guyana,4817.0,Deepwater,15766.0,Completed,25,2023-05-11,2023-06-05,15766.1,478.29,32.641999999999996,52.53,9.0,11426115.78,724.7268366939192,630.644,457044.63119999995,100.00063427629075,32.963474042944654,1.8469494551499106
W019,ATL-019,Atlantic Energy Guyana,R003,Stena DrillMAX,Stena Drilling,Drillship,Stabroek,Exploration,Guyana,5559.0,Ultra Deepwater,15698.0,Drilling,25,2024-10-23,2024-11-17,15697.8,460.33000000000004,33.8384,49.11,24.0,10717808.92,682.7586617232988,627.9119999999999,428712.3568,99.99872595235061,34.101188277974494,4.955299072946132
W041,ATL-041,Atlantic Energy Guyana,R002,Stena Carron,Stena Drilling,Drillship,Stabroek,Appraisal,Guyana,5209.0,Ultra Deepwater,15202.0,Completed,25,2024-07-16,2024-08-10,15201.9,476.36,32.0492,48.27,6.0,10742273.1,706.6401634006276,608.076,429690.924,99.99934219181687,31.91262910403896,1.2438842358404512
W050,ATL-050,Atlantic Energy Guyana,R004,Noble Don Taylor,Noble,Drillship,Stabroek,Appraisal,Guyana,6131.0,Extreme Deepwater,15197.0,Planned,22,2023-10-01,2023-10-23,15197.0,419.87,36.14681818181818,46.79,19.0,10027597.8,659.8406132789366,690.7727272727273,455799.9,100.0,36.19453640412509,4.3293002483651195
