Well_ID,Rig_ID,Average_ROP_ft_hr,Average_Daily_Footage_ft,Total_Footage_ft,Total_Drilling_Hours,Drilling_Cost_USD,Cost_per_Foot_USD,Operational_Cost_USD,Operational_Cost_per_Foot_USD,NPT_Hours,NPT_Hours_pct,NPT_Percent,NPT_Cost_USD,Deferred_Cost_USD,Total_Economic_Impact_USD,Total_Economic_Impact_per_Foot_USD,Overall_Performance_Score,Efficiency_Score,Cost_Score,Reliability_Score,Economic_Impact_Score,Risk_Tier,Performance_Profile,Calibrated_Efficiency_Score,Operational_Efficiency_Score,Reliability_Score_Calibrated,Economic_Exposure_Score,Engineering_Performance_Score,Engineering_Risk_Resilience_Score,Risk_Index,Engineering_Performance_Tier,Engineering_Risk_Tier,Performance_Risk_Quadrant,Benchmark_Flag,Improvement_Priority,Score_Change_vs_Stage2E,Engineering_Performance_Rank,Engineering_Risk_Resilience_Rank,Engineering_Overall_Rank
W001,R004,32.8,634.4230769230769,16495.0,503.52,12003516.78,727.71,13800176.78,836.63,88.0,14.88,14.88,1796660.0,2808881.0,16609057.78,1006.91,14.25,27.0,2.0,20.0,8.0,High Risk,Underperformer,27.0,5.200000000000003,27.099999999999994,14.199999999999996,18.28,21.939999999999994,78.06,Needs Improvement,High Risk,Priority Intervention,NO,Critical,4.030000000000001,44,42,48
W002,R001,32.64,653.7107142857143,18303.9,560.67,12906810.88,705.14,14648474.88,800.29,88.0,13.57,13.57,1741664.0,2804697.0,17453171.88,953.52,26.38,39.5,14.0,36.0,16.0,High Risk,Underperformer,39.5,20.2,38.3,20.400000000000002,31.78,31.14,68.86,Needs Improvement,High Risk,Priority Intervention,NO,Critical,5.400000000000002,39,36,43
W003,R004,34.69,670.1071428571429,18763.0,543.01,12784056.41,681.34,14580719.41,777.1,88.0,13.95,13.95,1796663.0,3429015.0,18009734.41,959.85,42.75,85.0,44.0,28.0,14.0,High Risk,Specialized Performer,85.0,49.599999999999994,32.7,13.0,70.84,24.82,75.18,Good,High Risk,Efficient but Exposed,NO,High,28.090000000000003,12,40,26
W004,R002,33.74,613.0878787878788,20231.9,606.2,13777407.37,680.97,14774070.37,730.24,52.0,7.9,7.9,996663.0,1337831.0,16111901.37,796.36,77.75,31.0,88.0,94.0,98.0,Good,Strong Performer,31.0,81.0,95.1,98.2,51.0,96.34,3.6599999999999966,Watch,Low Risk,Stable but Inefficient,NO,Medium,-26.75,27,2,9
W005,R002,32.02,624.1888888888889,16853.1,525.2,11873271.59,704.52,13099933.59,777.3,64.0,10.86,10.86,1226662.0,1917071.0,15017004.59,891.05,44.0,10.0,42.0,68.0,56.0,High Risk,Specialized Performer,10.0,40.400000000000006,73.0,63.400000000000006,22.160000000000004,69.16,30.840000000000003,Needs Improvement,Moderate Risk,Stable but Inefficient,NO,Medium,-21.839999999999996,43,17,35
W006,R002,35.16,687.2033333333333,20616.1,583.51,13143205.35,637.52,14753199.35,715.62,84.0,12.58,12.58,1609994.0,2621287.0,17374486.35,842.76,78.75,95.0,94.0,50.0,76.0,Good,Strong Performer,95.0,97.19999999999999,51.099999999999994,65.39999999999999,95.88,56.81999999999999,43.18000000000001,Excellent,Elevated Risk,Benchmark,YES,Low,17.129999999999995,2,20,3
W007,R001,34.27,654.0878787878788,21584.9,632.93,14628770.85,677.73,17162099.85,795.1,128.0,16.82,16.82,2533329.0,4282582.0,21444681.85,993.5,25.75,69.0,18.0,6.0,10.0,High Risk,Specialized Performer,69.0,33.800000000000004,6.800000000000003,8.999999999999998,54.92,7.6800000000000015,92.32,Watch,High Risk,Efficient but Exposed,NO,High,29.17,25,48,39
W008,R002,31.37,614.35,19659.2,624.56,14065082.15,715.45,14831745.15,754.44,40.0,6.02,6.02,766663.0,1051490.0,15883235.15,807.93,66.88,7.5,72.0,96.0,92.0,Good,Strong Performer,7.5,56.599999999999994,98.0,95.8,27.14,97.12,2.8799999999999955,Needs Improvement,Low Risk,Stable but Inefficient,NO,Medium,-39.739999999999995,42,1,22
W009,R001,31.37,603.3666666666667,16290.9,516.8,11956185.14,733.92,13935348.14,855.41,100.0,16.21,16.21,1979163.0,2690209.0,16625557.14,1020.54,3.37,3.5,0.0,8.0,2.0,High Risk,Underperformer,3.5,2.0,11.799999999999997,13.0,2.9000000000000004,12.279999999999998,87.72,Needs Improvement,High Risk,Priority Intervention,NO,Critical,-0.46999999999999975,50,46,50
W010,R002,33.25,640.7275862068965,18581.1,559.41,12551454.43,675.5,14583115.43,784.84,106.0,15.93,15.93,2031661.0,2703200.0,17286315.43,930.32,27.5,38.0,32.0,10.0,30.0,High Risk,Underperformer,38.0,44.8,11.399999999999997,32.0,40.72,19.64,80.36,Needs Improvement,High Risk,Priority Intervention,NO,Critical,13.219999999999999,30,45,42
W011,R004,33.91,638.1666666666666,22974.0,679.83,16212768.29,705.7,18336096.29,798.12,104.0,13.27,13.27,2123328.0,3064293.0,21400389.29,931.5,34.5,52.0,16.0,42.0,28.0,High Risk,Underperformer,52.0,21.0,34.400000000000006,25.2,39.6,30.720000000000006,69.28,Needs Improvement,High Risk,Priority Intervention,NO,Critical,5.100000000000001,32,38,38
W012,R004,33.44,636.4551724137931,18457.2,554.47,13227460.52,716.66,14534124.52,787.45,64.0,10.35,10.35,1306664.0,1927076.0,16461200.52,891.86,47.75,37.0,28.0,72.0,54.0,High Risk,Specialized Performer,37.0,25.2,75.8,61.400000000000006,32.28,70.03999999999999,29.960000000000008,Needs Improvement,Moderate Risk,Stable but Inefficient,NO,Medium,-15.469999999999999,38,16,29
W013,R003,32.74,626.4916666666667,22553.7,688.1,16182108.87,717.49,18102108.87,802.62,96.0,12.24,12.24,1920000.0,2963822.0,21065930.87,934.03,27.5,18.0,10.0,56.0,26.0,High Risk,Underperformer,18.0,11.999999999999998,46.0,25.000000000000004,15.599999999999998,37.6,62.4,Needs Improvement,High Risk,Priority Intervention,NO,Critical,-11.900000000000002,46,32,44
W014,R004,32.67,636.5742857142857,22280.1,681.68,16280284.48,730.71,17056114.48,765.53,38.0,5.28,5.28,775830.0,1331008.0,18387122.48,825.27,66.75,29.0,58.0,98.0,82.0,Good,Balanced / Watch,29.0,43.800000000000004,100.0,88.2,34.92,95.28,4.719999999999999,Needs Improvement,Low Risk,Stable but Inefficient,NO,Medium,-31.83,36,3,19
W015,R003,34.46,665.436,16635.9,485.12,11401518.43,685.36,12921518.43,776.72,76.0,13.54,13.54,1520000.0,2865282.0,15786800.43,948.96,46.0,78.0,48.0,38.0,20.0,High Risk,Specialized Performer,78.0,50.6,45.1,21.999999999999993,67.03999999999999,35.86,64.14,Good,High Risk,Efficient but Exposed,NO,High,21.039999999999992,15,34,23
W016,R004,33.21,644.696551724138,18696.2,555.32,13214359.14,706.79,14235189.14,761.39,50.0,8.26,8.26,1020830.0,1523000.0,15758189.14,842.86,67.0,40.0,64.0,90.0,74.0,Good,Balanced / Watch,40.0,52.8,93.19999999999999,80.19999999999999,45.120000000000005,88.0,12.0,Needs Improvement,Low Risk,Stable but Inefficient,NO,Medium,-21.879999999999995,29,6,17
W017,R001,34.07,642.8285714285714,17999.2,531.17,12367526.71,687.12,13436274.71,746.49,54.0,9.23,9.23,1068748.0,1522566.0,14958840.71,831.08,75.0,58.0,82.0,82.0,78.0,Good,Strong Performer,58.0,73.80000000000001,85.5,83.6,64.32000000000001,84.74,15.260000000000005,Watch,Low Risk,Benchmark,YES,Low,-10.679999999999993,18,9,6
W018,R004,34.88,698.1423076923077,18151.7,521.53,12308393.58,678.08,14105055.58,777.07,88.0,14.44,14.44,1796662.0,2059142.0,16164197.58,890.51,55.25,95.0,46.0,22.0,58.0,Watch,Specialized Performer,95.0,52.8,28.499999999999996,60.599999999999994,78.12,41.339999999999996,58.660000000000004,Good,High Risk,Efficient but Exposed,NO,High,22.870000000000005,7,29,16
W019,R003,33.84,627.9119999999999,15697.8,460.33,10717808.92,682.76,12997808.92,828.0,114.0,19.85,19.85,2280000.0,3281717.0,16279525.92,1037.06,11.25,39.0,6.0,0.0,0.0,High Risk,Underperformer,39.0,22.400000000000006,3.200000000000001,4.399999999999999,32.36,3.68,96.32,Needs Improvement,High Risk,Priority Intervention,NO,Critical,21.11,37,50,47
W020,R003,34.2,659.9961538461539,17159.9,503.49,11719190.56,682.94,13519190.56,787.84,90.0,15.16,15.16,1800000.0,2765483.0,16284673.56,949.0,32.75,71.0,26.0,16.0,18.0,High Risk,Specialized Performer,71.0,35.8,21.6,22.400000000000002,56.92,21.92,78.08,Watch,High Risk,Efficient but Exposed,NO,High,24.17,23,43,32
W021,R002,33.28,636.56,19096.8,580.87,13145292.25,688.35,14946956.25,782.69,94.0,13.93,13.93,1801664.0,2704639.0,17651595.25,924.32,33.25,35.0,34.0,30.0,34.0,High Risk,Underperformer,35.0,39.0,28.7,34.2,36.6,30.9,69.1,Needs Improvement,High Risk,Priority Intervention,NO,Critical,3.3500000000000014,34,37,40
W022,R001,33.78,657.9066666666666,19737.2,582.1,13405027.07,679.18,14869607.07,753.38,74.0,11.28,11.28,1464580.0,1977792.0,16847399.07,853.59,67.5,62.0,74.0,64.0,70.0,Good,Balanced / Watch,62.0,71.8,64.8,70.8,65.91999999999999,67.19999999999999,32.80000000000001,Good,Moderate Risk,Benchmark,YES,Low,-1.5800000000000125,17,19,14
W023,R004,34.8,667.590625,21362.9,611.37,14445134.24,676.18,16160129.24,756.46,84.0,12.08,12.08,1714995.0,3113218.0,19273347.24,902.19,64.75,83.0,70.0,60.0,46.0,Watch,Balanced / Watch,83.0,70.8,58.099999999999994,37.199999999999996,78.12,49.739999999999995,50.260000000000005,Good,High Risk,Benchmark,YES,Low,13.370000000000005,7,25,13
W024,R002,33.72,646.409375,20685.1,607.96,13722096.47,663.38,15025425.47,726.39,68.0,10.06,10.06,1303329.0,1939009.0,16964434.47,820.13,75.5,52.0,90.0,74.0,86.0,Good,Strong Performer,52.0,89.6,75.1,83.19999999999999,67.03999999999999,78.33999999999999,21.66000000000001,Good,Moderate Risk,Benchmark,YES,Low,-8.460000000000008,15,10,7
W025,R004,32.4,609.7769230769231,15854.2,487.21,11627789.13,733.42,12730286.13,802.96,54.0,9.98,9.98,1102497.0,1756149.0,14486435.13,913.73,32.75,9.0,8.0,76.0,38.0,High Risk,Specialized Performer,9.0,8.199999999999998,81.3,53.2,8.68,70.06,29.939999999999998,Needs Improvement,Moderate Risk,Stable but Inefficient,NO,Medium,-24.07,49,15,41
W026,R004,34.77,672.741935483871,20855.0,600.04,14459113.13,693.32,16296610.13,781.42,90.0,13.04,13.04,1837497.0,2615327.0,18911937.13,906.83,52.25,87.0,36.0,44.0,42.0,Watch,Specialized Performer,87.0,39.2,41.199999999999996,42.2,67.88,41.599999999999994,58.400000000000006,Good,High Risk,Efficient but Exposed,NO,High,15.629999999999995,14,28,21
W027,R002,34.24,658.5852941176471,22391.9,653.12,14655693.1,654.51,15920690.1,711.0,66.0,9.18,9.18,1264997.0,1957712.0,17878402.1,798.43,86.0,70.0,96.0,84.0,94.0,Excellent,All-Round Benchmark,70.0,96.8,83.0,88.19999999999999,80.72,85.07999999999998,14.920000000000016,Excellent,Low Risk,Benchmark,YES,Low,-5.280000000000001,6,8,2
W028,R002,33.42,652.3575757575758,21527.8,647.66,14462989.11,671.83,16187984.11,751.96,90.0,12.2,12.2,1724995.0,2418055.0,18606039.11,864.28,63.0,48.0,78.0,58.0,68.0,Watch,Balanced / Watch,48.0,78.2,51.0,63.4,60.08,55.959999999999994,44.040000000000006,Watch,Elevated Risk,Benchmark,YES,Low,-2.9200000000000017,22,21,20
W029,R002,33.82,659.7857142857143,18474.0,541.95,12278777.35,664.65,13620439.35,737.28,70.0,11.44,11.44,1341662.0,2007400.0,15627839.35,845.94,70.75,65.0,84.0,62.0,72.0,Good,Strong Performer,65.0,84.8,65.5,71.6,72.92,67.94,32.06,Good,Moderate Risk,Benchmark,YES,Low,2.1700000000000017,10,18,8
W030,R002,32.87,628.9909090909091,20756.7,632.02,14266132.13,687.3,15991128.13,770.41,90.0,12.47,12.47,1724996.0,2412390.0,18403518.13,886.63,47.75,23.0,56.0,52.0,60.0,High Risk,Underperformer,23.0,55.0,46.8,58.4,35.8,51.44,48.56,Needs Improvement,Elevated Risk,Stable but Inefficient,NO,Medium,-11.950000000000003,35,24,34
W031,R002,33.77,653.1967741935483,20249.1,600.42,13420380.1,662.76,14570374.1,719.56,60.0,9.09,9.09,1149994.0,1882761.0,16453135.1,812.54,81.5,58.0,92.0,86.0,90.0,Excellent,Strong Performer,58.0,92.19999999999999,87.1,87.79999999999998,71.67999999999999,87.38,12.620000000000005,Good,Low Risk,Benchmark,YES,Low,-9.820000000000007,11,7,4
W032,R004,34.54,650.7032258064515,20171.8,582.1,13999009.8,693.99,15754838.8,781.03,86.0,12.87,12.87,1755829.0,2495861.0,18250699.8,904.76,49.0,68.0,38.0,46.0,44.0,High Risk,Specialized Performer,68.0,40.0,47.099999999999994,45.99999999999999,56.8,46.66,53.34,Watch,High Risk,Efficient but Exposed,NO,High,7.799999999999997,24,26,25
W033,R002,35.13,668.2760000000001,16706.9,479.76,10913961.71,653.26,12638956.71,756.51,90.0,15.8,15.8,1724995.0,2518455.0,15157411.71,907.25,51.75,87.0,68.0,12.0,40.0,Watch,Balanced / Watch,87.0,77.8,18.799999999999997,42.6,83.32,28.32,71.68,Excellent,High Risk,Efficient but Exposed,NO,High,31.569999999999993,5,39,18
W034,R001,33.68,634.8928571428571,17777.0,527.16,12356618.88,695.09,13821196.88,777.48,74.0,12.31,12.31,1464578.0,2192968.0,16014164.88,900.84,45.5,40.0,40.0,54.0,48.0,High Risk,Underperformer,40.0,40.800000000000004,57.8,51.8,40.32000000000001,55.4,44.6,Needs Improvement,Elevated Risk,Stable but Inefficient,NO,Medium,-5.179999999999993,31,22,30
W035,R003,33.3,630.0212121212121,20790.7,625.48,14687778.32,706.46,16527778.32,794.96,92.0,12.82,12.82,1840000.0,1755897.0,18283675.32,879.42,40.5,30.0,20.0,48.0,64.0,High Risk,Underperformer,30.0,23.199999999999992,42.199999999999996,72.0,27.279999999999998,54.12,45.88,Needs Improvement,Elevated Risk,Stable but Inefficient,NO,Medium,-13.220000000000002,41,23,37
W036,R002,33.97,669.32,16733.0,494.14,11091091.98,662.83,13161085.98,786.53,108.0,17.94,17.94,2069994.0,3341514.0,16502599.98,986.23,30.25,75.0,30.0,4.0,12.0,High Risk,Specialized Performer,75.0,48.2,6.600000000000003,12.200000000000001,64.28,8.840000000000003,91.16,Watch,High Risk,Efficient but Exposed,NO,High,34.03,19,47,33
W037,R002,33.71,641.721875,20535.1,608.83,13749815.59,669.58,15129811.59,736.78,72.0,10.58,10.58,1379996.0,1814397.0,16944208.59,825.13,72.0,48.0,86.0,70.0,84.0,Good,Strong Performer,48.0,85.0,70.2,84.19999999999999,62.8,75.8,24.200000000000003,Watch,Moderate Risk,Benchmark,YES,Low,-9.200000000000003,21,12,11
W038,R004,33.47,629.1205882352941,21390.1,634.15,15149998.79,708.27,16538326.79,773.18,68.0,9.68,9.68,1388328.0,2167309.0,18705635.79,874.5,57.5,32.0,52.0,80.0,66.0,Watch,Balanced / Watch,32.0,43.8,79.3,65.0,36.72,73.58,26.42,Needs Improvement,Moderate Risk,Stable but Inefficient,NO,Medium,-20.78,33,13,27
W039,R002,35.15,687.2758620689655,19931.0,564.51,12786789.7,641.55,14128452.7,708.87,70.0,11.03,11.03,1341663.0,1781728.0,15910180.7,798.26,88.62,94.5,98.0,66.0,96.0,Excellent,All-Round Benchmark,94.5,99.4,68.3,93.19999999999999,96.46000000000001,78.25999999999999,21.74000000000001,Excellent,Moderate Risk,Benchmark,YES,Low,7.840000000000003,1,11,1
W040,R002,34.28,661.0642857142857,18509.8,540.17,12137950.94,655.76,14629610.94,790.37,130.0,19.4,19.4,2491660.0,4128450.0,18758060.94,1013.41,26.75,75.0,24.0,2.0,6.0,High Risk,Specialized Performer,75.0,45.8,3.4000000000000012,6.800000000000003,63.32,4.760000000000002,95.24,Watch,High Risk,Efficient but Exposed,NO,High,36.57,20,49,36
W041,R002,32.05,608.076,15201.9,476.36,10742273.1,706.64,12198935.1,802.46,76.0,13.76,13.76,1456662.0,2055484.0,14254419.1,937.67,18.25,7.0,12.0,32.0,22.0,High Risk,Underperformer,7.0,16.999999999999996,40.9,36.0,11.0,38.94,61.06,Needs Improvement,High Risk,Priority Intervention,NO,Critical,-7.25,48,30,46
W042,R004,34.37,651.9571428571428,18254.8,528.41,12572413.42,688.72,13634078.42,746.88,52.0,8.96,8.96,1061665.0,1336502.0,14970580.42,820.09,80.75,67.0,80.0,88.0,88.0,Excellent,All-Round Benchmark,67.0,70.6,90.89999999999999,91.79999999999998,68.44,91.25999999999999,8.740000000000009,Good,Low Risk,Benchmark,YES,Low,-12.310000000000002,13,4,5
W043,R002,33.5,640.5966666666667,19217.9,571.39,12906481.26,671.59,14708143.26,765.34,94.0,14.13,14.13,1801662.0,2548737.0,17256880.26,897.96,45.5,44.0,60.0,26.0,52.0,High Risk,Underperformer,44.0,66.2,25.9,50.4,52.88,35.7,64.3,Watch,High Risk,Priority Intervention,NO,Critical,7.380000000000003,26,35,31
W044,R003,33.17,628.9096774193548,19496.2,592.45,13817299.17,708.72,15097299.17,774.37,64.0,9.75,9.75,1280000.0,2137944.0,17235243.17,884.03,53.25,23.0,50.0,78.0,62.0,Watch,Specialized Performer,23.0,41.8,80.0,62.8,30.519999999999996,73.12,26.879999999999995,Needs Improvement,Moderate Risk,Stable but Inefficient,NO,Medium,-22.730000000000004,40,14,28
W045,R004,32.64,630.644,15766.1,478.29,11426115.78,724.73,13059446.78,828.32,80.0,14.33,14.33,1633331.0,2920236.0,15979682.78,1013.55,13.38,21.5,4.0,24.0,4.0,High Risk,Underperformer,21.5,7.200000000000001,33.8,10.200000000000003,15.780000000000001,24.36,75.64,Needs Improvement,High Risk,Priority Intervention,NO,Critical,2.4000000000000004,45,41,49
W046,R003,34.85,668.5827586206897,19388.9,555.4,12933266.13,667.04,14973266.13,772.26,102.0,15.52,15.52,2040000.0,2992158.0,17965424.13,926.58,46.5,86.0,54.0,14.0,32.0,High Risk,Specialized Performer,86.0,63.2,15.399999999999999,28.599999999999998,76.88,20.68,79.32,Good,High Risk,Efficient but Exposed,NO,High,30.379999999999995,9,44,24
W047,R004,35.15,693.08,17327.0,492.27,11659169.74,672.89,13251664.74,764.8,78.0,13.68,13.68,1592495.0,2325588.0,15577252.74,899.02,60.62,96.5,62.0,34.0,50.0,Watch,Specialized Performer,96.5,66.39999999999999,41.4,52.599999999999994,84.46,45.879999999999995,54.120000000000005,Excellent,High Risk,Efficient but Exposed,NO,High,23.839999999999996,4,27,10
W048,R002,32.5,597.7,17931.0,557.9,12603788.4,702.9,14252117.4,794.83,86.0,13.36,13.36,1648329.0,2560594.0,16812711.4,937.63,23.25,7.0,22.0,40.0,24.0,High Risk,Underperformer,7.0,26.999999999999996,42.900000000000006,30.2,15.0,37.82,62.18,Needs Improvement,High Risk,Priority Intervention,NO,Critical,-8.25,47,31,45
W049,R003,33.49,632.6972222222222,22777.1,680.55,15941431.0,699.89,17141431.0,752.57,60.0,8.1,8.1,1200000.0,1754155.0,18895586.0,829.59,71.0,36.0,76.0,92.0,80.0,Good,Strong Performer,36.0,65.39999999999999,91.3,83.8,47.75999999999999,88.3,11.700000000000003,Needs Improvement,Low Risk,Stable but Inefficient,NO,Medium,-23.24000000000001,28,5,15
W050,R004,36.15,690.7727272727273,15197.0,419.87,10027597.8,659.84,11538428.8,759.26,74.0,14.98,14.98,1510831.0,2383689.0,13922117.8,916.11,54.5,98.0,66.0,18.0,36.0,Watch,Balanced / Watch,98.0,74.6,32.6,42.199999999999996,88.64,36.44,63.56,Excellent,High Risk,Efficient but Exposed,NO,High,34.14,3,33,12
