Well_ID,Rig_ID,NPT_Events,NPT_Hours,NPT_Cost_USD,Deferred_Production_USD,Total_Impact_USD,Low_Events,Medium_Events,High_Events,Hotspot_Score,NPT_Hours_per_Event,Cost_per_NPT_Hour_USD,High_Severity_Pct
W007,R001,16,128.0,2533329.0,0.0,2533329.0,7,5,4,793.9994778947369,8.0,19791.6328125,25.0
W040,R002,21,130.0,2491660.0,0.0,2491660.0,10,10,1,509.1714863157895,6.190476190476191,19166.615384615383,4.761904761904762
W019,R003,13,114.0,2280000.0,0.0,2280000.0,5,6,2,736.0701754385965,8.76923076923077,20000.0,15.384615384615385
W011,R004,16,104.0,2123328.0,0.0,2123328.0,9,6,1,656.4042161403509,6.5,20416.615384615383,6.25
W036,R002,19,108.0,2069994.0,0.0,2069994.0,11,6,2,467.693052631579,5.684210526315789,19166.61111111111,10.526315789473683
W046,R003,16,102.0,2040000.0,0.0,2040000.0,6,10,0,315.13684210526316,6.375,20000.0,0.0
W010,R002,16,106.0,2031661.0,0.0,2031661.0,9,5,2,546.6310568421052,6.625,19166.61320754717,12.5
W009,R001,15,100.0,1979163.0,0.0,1979163.0,6,8,1,543.9997642105263,6.666666666666667,19791.63,6.666666666666667
W013,R003,20,96.0,1920000.0,0.0,1920000.0,11,9,0,283.17894736842106,4.8,20000.0,0.0
W035,R003,12,92.0,1840000.0,0.0,1840000.0,4,6,2,767.9157894736842,7.666666666666667,20000.0,16.666666666666664
W026,R004,11,90.0,1837497.0,0.0,1837497.0,5,4,2,591.1226273684211,8.181818181818182,20416.633333333335,18.181818181818183
W021,R002,16,94.0,1801664.0,0.0,1801664.0,6,9,1,417.97395087719303,5.875,19166.63829787234,6.25
W043,R002,18,94.0,1801662.0,0.0,1801662.0,10,7,1,380.1122021052632,5.222222222222222,19166.617021276597,5.555555555555555
W020,R003,20,90.0,1800000.0,0.0,1800000.0,14,5,1,266.6877192982456,4.5,20000.0,5.0
W003,R004,13,88.0,1796663.0,0.0,1796663.0,7,4,2,634.9190231578948,6.769230769230769,20416.625,15.384615384615385
W018,R004,14,88.0,1796662.0,0.0,1796662.0,8,5,1,463.70507789473686,6.285714285714286,20416.613636363636,7.142857142857142
W001,R004,19,88.0,1796660.0,0.0,1796660.0,12,7,0,365.8415452631579,4.631578947368421,20416.590909090908,0.0
W032,R004,15,86.0,1755829.0,0.0,1755829.0,7,7,1,399.9362863157895,5.733333333333333,20416.616279069767,6.666666666666667
W002,R001,13,88.0,1741664.0,0.0,1741664.0,4,8,1,488.6662736842105,6.769230769230769,19791.636363636364,7.6923076923076925
W030,R002,15,90.0,1724996.0,0.0,1724996.0,6,9,0,352.4650666666667,6.0,19166.62222222222,0.0
W028,R002,15,90.0,1724995.0,0.0,1724995.0,8,6,1,481.01727999999997,6.0,19166.61111111111,6.666666666666667
W033,R002,16,90.0,1724995.0,0.0,1724995.0,9,7,0,248.15404631578946,5.625,19166.61111111111,0.0
W023,R004,14,84.0,1714995.0,0.0,1714995.0,8,5,1,317.9716715789474,6.0,20416.60714285714,7.142857142857142
W048,R002,14,86.0,1648329.0,0.0,1648329.0,6,7,1,356.7222989473684,6.142857142857143,19166.616279069767,7.142857142857142
W045,R004,10,80.0,1633331.0,0.0,1633331.0,5,3,2,492.49799578947363,8.0,20416.6375,20.0
W006,R002,15,84.0,1609994.0,0.0,1609994.0,9,5,1,286.8908631578947,5.6,19166.595238095237,6.666666666666667
W047,R004,13,78.0,1592495.0,0.0,1592495.0,7,5,1,291.30504421052626,6.0,20416.602564102563,7.6923076923076925
W015,R003,14,76.0,1520000.0,0.0,1520000.0,8,5,1,276.4,5.428571428571429,20000.0,7.142857142857142
W050,R004,11,74.0,1510831.0,0.0,1510831.0,3,8,0,351.0170778947368,6.7272727272727275,20416.635135135137,0.0
W022,R001,13,74.0,1464580.0,0.0,1464580.0,6,7,0,326.44408701754384,5.6923076923076925,19791.62162162162,0.0
W034,R001,12,74.0,1464578.0,0.0,1464578.0,9,1,2,375.33328842105266,6.166666666666667,19791.594594594593,16.666666666666664
W041,R002,14,76.0,1456662.0,0.0,1456662.0,8,5,1,252.14915929824562,5.428571428571429,19166.605263157893,7.142857142857142
W038,R004,15,68.0,1388328.0,0.0,1388328.0,9,6,0,157.73306947368422,4.533333333333333,20416.58823529412,0.0
W037,R002,9,72.0,1379996.0,0.0,1379996.0,5,3,1,408.40668631578944,8.0,19166.61111111111,11.11111111111111
W039,R002,13,70.0,1341663.0,0.0,1341663.0,7,6,0,224.4629305263158,5.384615384615385,19166.614285714284,0.0
W029,R002,14,70.0,1341662.0,0.0,1341662.0,7,7,0,133.47351578947368,5.0,19166.6,0.0
W012,R004,11,64.0,1306664.0,0.0,1306664.0,6,4,1,319.2842105263158,5.818181818181818,20416.625,9.090909090909092
W024,R002,12,68.0,1303329.0,0.0,1303329.0,7,5,0,211.00299368421054,5.666666666666667,19166.602941176472,0.0
W044,R003,12,64.0,1280000.0,0.0,1280000.0,7,4,1,315.8315789473684,5.333333333333333,20000.0,8.333333333333332
W027,R002,10,66.0,1264997.0,0.0,1264997.0,5,4,1,283.7330694736842,6.6,19166.621212121212,10.0
W005,R002,13,64.0,1226662.0,0.0,1226662.0,7,6,0,114.81391157894737,4.923076923076923,19166.59375,0.0
W049,R003,9,60.0,1200000.0,0.0,1200000.0,3,5,1,278.88421052631577,6.666666666666667,20000.0,11.11111111111111
W031,R002,11,60.0,1149994.0,0.0,1149994.0,10,0,1,252.21739789473685,5.454545454545454,19166.566666666666,9.090909090909092
W025,R004,11,54.0,1102497.0,0.0,1102497.0,6,5,0,143.91575578947368,4.909090909090909,20416.61111111111,0.0
W017,R001,11,54.0,1068748.0,0.0,1068748.0,4,7,0,103.33328842105263,4.909090909090909,19791.62962962963,0.0
W042,R004,8,52.0,1061665.0,0.0,1061665.0,3,4,1,236.38588631578946,6.5,20416.634615384617,12.5
W016,R004,10,50.0,1020830.0,0.0,1020830.0,5,5,0,97.34021052631579,5.0,20416.6,0.0
W004,R002,11,52.0,996663.0,0.0,996663.0,8,3,0,139.95776,4.7272727272727275,19166.596153846152,0.0
W014,R004,8,38.0,775830.0,0.0,775830.0,6,2,0,81.89473684210526,4.75,20416.57894736842,0.0
W008,R002,10,40.0,766663.0,0.0,766663.0,7,3,0,72.87004631578947,4.0,19166.575,0.0
